ags,quelle,datenstand,last_update,neuinfizierte_7,neuinfizierte_7_ht,neuinfizierte_7_vglvw_rel,neuinfizierte_7_ht_vglvw_abs,faelle_covid_aktuell,intensiv_betten_gesamt,faelle_covid_aktuell_beatmet,covid_to_intensiv_betten_percent,betten_frei_to_betten_gesamt_percent,ags_parent,hospitalisierte_7_ht_parent,hospitalisierte_7_ht,hospitalisierte_7_ht_nowcasting,hospitalisierte_7_ht_nowcasting_vglvw_rm,vollstaendig_rel,erstimpfung_rel,drittimpfung_rel,viertimpfung_rel,drittimpfung_1,drittimpfung_7,drittimpfung_7_vglvw_rel,drittimpfung_7_ds,erstimpfung_1,erstimpfung_7,erstimpfung_7_vglvw_rel,erstimpfung_7_ds,viertimpfung_1,viertimpfung_7,viertimpfung_7_vglvw_rel,viertimpfung_7_ds,vollstaendig_1,vollstaendig_7,vollstaendig_7_vglvw_rel,vollstaendig_7_ds,nicename,chart_id
00,rki_github,2022/08/01 01:21:46,2022/08/01 19:11:13,459722,552.85,0.74,-198.96,,,,,,00,6.69,6.69,10.3,0.934,76.2,77.8,61.9,8,489,31618,0.895,4517,116,5262,0.788,752,1750,182417,0.901,26060,135,7489,0.833,1070,Deutschland,
01,rki_github,2022/08/01 01:21:46,2022/08/01 19:11:13,12088,415.27,0.68,-193.24,31,702,15,4.4,20.5,00,6.69,5.98,9.4,0.769,79.8,80.9,69.9,15.6,82,970,0.925,139,12,125,0.687,18,59,7625,0.796,1089,3,194,0.924,28,Schleswig-Holstein,
01001,rki_github,2022/08/01 01:21:46,2022/08/01 19:11:13,478,531.5,0.77,-160.12,2,42,1,4.8,11.9,01,5.98,,,,,,,,,,,,,,,,,,,,,,,,Flensburg,WyQWM
01002,rki_github,2022/08/01 01:21:46,2022/08/01 19:11:13,712,288.73,0.64,-162.61,5,128,3,3.9,15.6,01,5.98,,,,,,,,,,,,,,,,,,,,,,,,Kiel,LpBfb
01003,rki_github,2022/08/01 01:21:46,2022/08/01 19:11:13,1197,554.56,0.81,-127.87,4,118,1,3.4,10.2,01,5.98,,,,,,,,,,,,,,,,,,,,,,,,Lübeck,9XT45
01004,rki_github,2022/08/01 01:21:46,2022/08/01 19:11:13,318,397.97,0.73,-146.42,1,23,0,4.3,30.4,01,5.98,,,,,,,,,,,,,,,,,,,,,,,,Neumünster,EpYOp
01051,rki_github,2022/08/01 01:21:46,2022/08/01 19:11:13,709,532.08,0.96,-23.26,2,35,1,5.7,2.9,01,5.98,,,,,,,,,,,,,,,,,,,,,,,,Dithmarschen,zTLkn
01053,rki_github,2022/08/01 01:21:46,2022/08/01 19:11:13,735,369.06,0.52,-342.95,0,16,0,0,31.2,01,5.98,,,,,,,,,,,,,,,,,,,,,,,,Herzogtum Lauenburg,V510U
01054,rki_github,2022/08/01 01:21:46,2022/08/01 19:11:13,701,419.39,0.63,-246.49,0,24,0,0,37.5,01,5.98,,,,,,,,,,,,,,,,,,,,,,,,Nordfriesland,33XTo
01055,rki_github,2022/08/01 01:21:46,2022/08/01 19:11:13,1054,523.11,0.76,-168.75,3,43,0,7,41.9,01,5.98,,,,,,,,,,,,,,,,,,,,,,,,Ostholstein,9RisB
01056,rki_github,2022/08/01 01:21:46,2022/08/01 19:11:13,1127,355.43,0.63,-205.31,2,37,1,5.4,21.6,01,5.98,,,,,,,,,,,,,,,,,,,,,,,,Pinneberg,gg0Fj
01057,rki_github,2022/08/01 01:21:46,2022/08/01 19:11:13,449,347.11,0.59,-238.88,0,12,0,0,16.7,01,5.98,,,,,,,,,,,,,,,,,,,,,,,,Plön,wKNQX
01058,rki_github,2022/08/01 01:21:46,2022/08/01 19:11:13,1118,406.89,0.76,-127.38,8,43,6,18.6,30.2,01,5.98,,,,,,,,,,,,,,,,,,,,,,,,Rendsburg-Eckernförde,JUTEm
01059,rki_github,2022/08/01 01:21:46,2022/08/01 19:11:13,967,477.18,0.79,-129.29,2,24,1,8.3,0,01,5.98,,,,,,,,,,,,,,,,,,,,,,,,Schleswig-Flensburg,D1u8u
01060,rki_github,2022/08/01 01:21:46,2022/08/01 19:11:13,1294,465.46,0.6,-308.99,2,84,1,2.4,36.9,01,5.98,,,,,,,,,,,,,,,,,,,,,,,,Segeberg,q1SEY
01061,rki_github,2022/08/01 01:21:46,2022/08/01 19:11:13,501,383.3,0.58,-281.55,0,43,0,0,18.6,01,5.98,,,,,,,,,,,,,,,,,,,,,,,,Steinburg,tyN4d
01062,rki_github,2022/08/01 01:21:46,2022/08/01 19:11:13,728,297.16,0.63,-172.25,0,30,0,0,16.7,01,5.98,,,,,,,,,,,,,,,,,,,,,,,,Stormarn,Wigzb
02,rki_github,2022/08/01 01:21:46,2022/08/01 19:11:13,7067,381.49,0.69,-172.96,37,535,9,6.9,24.7,00,6.69,4.32,9.6,0.989,84.3,86.6,65.7,9.2,30,813,0.752,116,2,76,0.667,11,19,3755,0.921,536,2,113,0.79,16,Hamburg,
02000,rki_github,2022/08/01 01:21:46,2022/08/01 19:11:13,7067,381.49,0.69,-172.96,36,535,9,6.7,24.1,02,4.32,,,,,,,,,,,,,,,,,,,,,,,,Hamburg,CX2YD
03,rki_github,2022/08/01 01:21:46,2022/08/01 19:11:13,47969,599.36,0.68,-283.82,91,1973,30,4.6,19.7,00,6.69,3.85,6.3,0.926,77.7,79.9,66.6,11.1,6,2620,0.918,374,4,294,0.742,42,18,19101,0.821,2729,8,497,0.715,71,Niedersachsen,
03101,rki_github,2022/08/01 01:21:46,2022/08/01 19:11:13,1854,745.89,0.79,-196.73,8,130,4,6.2,26.2,03,3.85,,,,,,,,,,,,,,,,,,,,,,,,Braunschweig,VNTNJ
03102,rki_github,2022/08/01 01:21:46,2022/08/01 19:11:13,736,708.61,0.75,-236.84,0,28,0,0,10.7,03,3.85,,,,,,,,,,,,,,,,,,,,,,,,Salzgitter,i336o
03103,rki_github,2022/08/01 01:21:46,2022/08/01 19:11:13,711,574.13,0.72,-224.48,3,29,2,10.3,20.7,03,3.85,,,,,,,,,,,,,,,,,,,,,,,,Wolfsburg,P6Chx
03151,rki_github,2022/08/01 01:21:46,2022/08/01 19:11:13,1002,565.38,0.75,-186.2,2,12,2,16.7,16.7,03,3.85,,,,,,,,,,,,,,,,,,,,,,,,Gifhorn,TGEf2
03153,rki_github,2022/08/01 01:21:46,2022/08/01 19:11:13,973,722.41,0.64,-399.44,1,25,0,4,4,03,3.85,,,,,,,,,,,,,,,,,,,,,,,,Goslar,hHBe9
03154,rki_github,2022/08/01 01:21:46,2022/08/01 19:11:13,517,564.92,0.66,-291.75,1,14,0,7.1,7.1,03,3.85,,,,,,,,,,,,,,,,,,,,,,,,Helmstedt,bvcFK
03155,rki_github,2022/08/01 01:21:46,2022/08/01 19:11:13,817,620.01,0.6,-412.08,1,21,0,4.8,38.1,03,3.85,,,,,,,,,,,,,,,,,,,,,,,,Northeim,1y3Kg
03157,rki_github,2022/08/01 01:21:46,2022/08/01 19:11:13,964,709.64,0.54,-592.59,1,14,1,7.1,28.6,03,3.85,,,,,,,,,,,,,,,,,,,,,,,,Peine,dfXYv
03158,rki_github,2022/08/01 01:21:46,2022/08/01 19:11:13,870,728.88,0.65,-385.39,0,16,0,0,43.8,03,3.85,,,,,,,,,,,,,,,,,,,,,,,,Wolfenbüttel,iBheo
03159,rki_github,2022/08/01 01:21:46,2022/08/01 19:11:13,2303,711.02,0.66,-369.25,9,124,1,7.3,15.3,03,3.85,,,,,,,,,,,,,,,,,,,,,,,,Göttingen,p794C
03241,rki_github,2022/08/01 01:21:46,2022/08/01 19:11:13,6684,578.54,0.77,-168.18,17,375,8,4.5,14.1,03,3.85,,,,,,,,,,,,,,,,,,,,,,,,Region Hannover,JNcIm
03251,rki_github,2022/08/01 01:21:46,2022/08/01 19:11:13,1636,750.21,0.76,-235.7,0,18,0,0,38.9,03,3.85,,,,,,,,,,,,,,,,,,,,,,,,Diepholz,p0pB4
03252,rki_github,2022/08/01 01:21:46,2022/08/01 19:11:13,975,656.21,0.81,-152.11,2,71,0,2.8,16.9,03,3.85,,,,,,,,,,,,,,,,,,,,,,,,Hameln-Pyrmont,ZdHjA
03254,rki_github,2022/08/01 01:21:46,2022/08/01 19:11:13,2232,810.27,0.71,-324.54,3,73,1,4.1,41.1,03,3.85,,,,,,,,,,,,,,,,,,,,,,,,Hildesheim,a5ugN
03255,rki_github,2022/08/01 01:21:46,2022/08/01 19:11:13,393,559.77,0.72,-215.08,1,10,0,10,20,03,3.85,,,,,,,,,,,,,,,,,,,,,,,,Holzminden,3rUtL
03256,rki_github,2022/08/01 01:21:46,2022/08/01 19:11:13,1050,863.17,0.83,-181.68,0,16,0,0,31.2,03,3.85,,,,,,,,,,,,,,,,,,,,,,,,Nienburg (Weser),uEagu
03257,rki_github,2022/08/01 01:21:46,2022/08/01 19:11:13,1332,840.88,0.61,-541.01,0,24,0,0,16.7,03,3.85,,,,,,,,,,,,,,,,,,,,,,,,Schaumburg,n3eM3
03351,rki_github,2022/08/01 01:21:46,2022/08/01 19:11:13,1142,636.62,0.74,-228.56,2,38,1,5.3,36.8,03,3.85,,,,,,,,,,,,,,,,,,,,,,,,Celle,LSDTA
03352,rki_github,2022/08/01 01:21:46,2022/08/01 19:11:13,1509,758.96,0.9,-79.97,2,12,0,16.7,16.7,03,3.85,,,,,,,,,,,,,,,,,,,,,,,,Cuxhaven,hGEwC
03353,rki_github,2022/08/01 01:21:46,2022/08/01 19:11:13,1222,477.31,0.61,-307.01,2,29,0,6.9,3.4,03,3.85,,,,,,,,,,,,,,,,,,,,,,,,Harburg,5Lbcn
03354,rki_github,2022/08/01 01:21:46,2022/08/01 19:11:13,239,492.75,0.69,-222.67,0,5,0,0,0,03,3.85,,,,,,,,,,,,,,,,,,,,,,,,Lüchow-Dannenberg,YxcLZ
03355,rki_github,2022/08/01 01:21:46,2022/08/01 19:11:13,996,540.61,0.62,-326.21,2,38,0,5.3,7.9,03,3.85,,,,,,,,,,,,,,,,,,,,,,,,Lüneburg,q9xXy
03356,rki_github,2022/08/01 01:21:46,2022/08/01 19:11:13,750,654.22,0.66,-333.22,0,9,0,0,0,03,3.85,,,,,,,,,,,,,,,,,,,,,,,,Osterholz,OG79M
03357,rki_github,2022/08/01 01:21:46,2022/08/01 19:11:13,817,496.7,0.6,-338.02,1,30,0,3.3,33.3,03,3.85,,,,,,,,,,,,,,,,,,,,,,,,Rotenburg (Wümme),0GuK1
03358,rki_github,2022/08/01 01:21:46,2022/08/01 19:11:13,688,488.34,0.59,-338.57,2,22,1,9.1,22.7,03,3.85,,,,,,,,,,,,,,,,,,,,,,,,Heidekreis,cLqog
03359,rki_github,2022/08/01 01:21:46,2022/08/01 19:11:13,1045,508.87,0.6,-342.33,1,26,1,3.8,46.2,03,3.85,,,,,,,,,,,,,,,,,,,,,,,,Stade,4KcaZ
03360,rki_github,2022/08/01 01:21:46,2022/08/01 19:11:13,658,710.84,0.75,-239.83,1,76,0,1.3,7.9,03,3.85,,,,,,,,,,,,,,,,,,,,,,,,Uelzen,sW25b
03361,rki_github,2022/08/01 01:21:46,2022/08/01 19:11:13,890,646.92,0.88,-92.31,1,14,0,7.1,14.3,03,3.85,,,,,,,,,,,,,,,,,,,,,,,,Verden,WQ5d5
03401,rki_github,2022/08/01 01:21:46,2022/08/01 19:11:13,618,797.39,1.02,18.06,1,13,0,7.7,0,03,3.85,,,,,,,,,,,,,,,,,,,,,,,,Delmenhorst,or40A
03402,rki_github,2022/08/01 01:21:46,2022/08/01 19:11:13,220,441.11,0.49,-455.15,1,13,0,7.7,23.1,03,3.85,,,,,,,,,,,,,,,,,,,,,,,,Emden,ermFp
03403,rki_github,2022/08/01 01:21:46,2022/08/01 19:11:13,796,469.33,0.52,-432.18,6,109,4,5.5,5.5,03,3.85,,,,,,,,,,,,,,,,,,,,,,,,Oldenburg (Oldenburg),lI8Lq
03404,rki_github,2022/08/01 01:21:46,2022/08/01 19:11:13,646,393.37,0.67,-195.47,3,103,1,2.9,9.7,03,3.85,,,,,,,,,,,,,,,,,,,,,,,,Osnabrück (Stadt),JqCHY
03405,rki_github,2022/08/01 01:21:46,2022/08/01 19:11:13,363,482.78,0.59,-333.83,0,23,0,0,26.1,03,3.85,,,,,,,,,,,,,,,,,,,,,,,,Wilhelmshaven,pomxq
03451,rki_github,2022/08/01 01:21:46,2022/08/01 19:11:13,792,630.36,0.7,-269.81,0,35,0,0,0,03,3.85,,,,,,,,,,,,,,,,,,,,,,,,Ammerland,0YTzK
03452,rki_github,2022/08/01 01:21:46,2022/08/01 19:11:13,1214,638.35,0.53,-564.21,2,36,2,5.6,19.4,03,3.85,,,,,,,,,,,,,,,,,,,,,,,,Aurich,7pWGH
03453,rki_github,2022/08/01 01:21:46,2022/08/01 19:11:13,593,343.51,0.49,-360.88,2,24,0,8.3,41.7,03,3.85,,,,,,,,,,,,,,,,,,,,,,,,Cloppenburg,Hq7K9
03454,rki_github,2022/08/01 01:21:46,2022/08/01 19:11:13,1388,421.97,0.61,-270.27,3,81,0,3.7,33.3,03,3.85,,,,,,,,,,,,,,,,,,,,,,,,Emsland,N8RSN
03455,rki_github,2022/08/01 01:21:46,2022/08/01 19:11:13,570,575.93,0.54,-496.1,1,31,0,3.2,32.3,03,3.85,,,,,,,,,,,,,,,,,,,,,,,,Friesland,3aDB7
03456,rki_github,2022/08/01 01:21:46,2022/08/01 19:11:13,595,431.5,0.54,-366.96,0,27,0,0,14.8,03,3.85,,,,,,,,,,,,,,,,,,,,,,,,Grafschaft Bentheim,9G8aP
03457,rki_github,2022/08/01 01:21:46,2022/08/01 19:11:13,614,358.05,0.69,-160.37,0,27,0,0,33.3,03,3.85,,,,,,,,,,,,,,,,,,,,,,,,Leer,cjC8y
03458,rki_github,2022/08/01 01:21:46,2022/08/01 19:11:13,829,630.58,0.84,-121.7,0,5,0,0,0,03,3.85,,,,,,,,,,,,,,,,,,,,,,,,Oldenburg,3UVZP
03459,rki_github,2022/08/01 01:21:46,2022/08/01 19:11:13,1702,473.47,0.68,-219.49,8,82,1,9.8,18.3,03,3.85,,,,,,,,,,,,,,,,,,,,,,,,Osnabrück,h9DTE
03460,rki_github,2022/08/01 01:21:46,2022/08/01 19:11:13,760,528.89,0.56,-418.93,1,38,1,2.6,44.7,03,3.85,,,,,,,,,,,,,,,,,,,,,,,,Vechta,Fsup7
03461,rki_github,2022/08/01 01:21:46,2022/08/01 19:11:13,411,464.28,0.63,-274.5,0,11,0,0,18.2,03,3.85,,,,,,,,,,,,,,,,,,,,,,,,Wesermarsch,tVH7E
03462,rki_github,2022/08/01 01:21:46,2022/08/01 19:11:13,853,1486.48,0.54,-1251.22,1,8,0,12.5,25,03,3.85,,,,,,,,,,,,,,,,,,,,,,,,Wittmund,QRALB
04,rki_github,2022/08/01 01:21:46,2022/08/01 19:11:13,4099,602.68,0.79,-158.21,12,183,5,6.6,10.4,00,6.69,5.59,8.8,1.598,87.6,91.2,66.2,12.8,22,448,1.077,64,8,100,0.142,14,108,2340,0.998,334,9,86,0.248,12,Bremen,
04011,rki_github,2022/08/01 01:21:46,2022/08/01 19:11:13,3555,627.46,0.82,-141.2,8,141,3,5.7,9.2,04,5.59,,,,,,,,,,,,,,,,,,,,,,,,Bremen,AmTbT
04012,rki_github,2022/08/01 01:21:46,2022/08/01 19:11:13,544,479.05,0.66,-243.05,4,42,2,9.5,14.3,04,5.59,,,,,,,,,,,,,,,,,,,,,,,,Bremerhaven,AJhv6
05,rki_github,2022/08/01 01:21:46,2022/08/01 19:11:13,80241,447.63,0.76,-141.01,312,5602,103,5.6,15.2,00,6.69,7.16,11.1,0.922,79.3,81.7,65.2,11.1,66,5218,1.036,745,6,753,0.867,108,567,41282,0.948,5897,13,987,0.937,141,Nordrhein-Westfalen,
05111,rki_github,2022/08/01 01:21:46,2022/08/01 19:11:13,2802,451.55,0.79,-119.25,17,296,7,5.7,11.8,05,7.16,,,,,,,,,,,,,,,,,,,,,,,,Düsseldorf,yY2Lg
05112,rki_github,2022/08/01 01:21:46,2022/08/01 19:11:13,1683,339.39,0.99,-3.23,7,161,1,4.3,19.3,05,7.16,,,,,,,,,,,,,,,,,,,,,,,,Duisburg,9pDSY
05113,rki_github,2022/08/01 01:21:46,2022/08/01 19:11:13,2759,473.72,0.81,-113.84,24,339,9,7.1,8.3,05,7.16,,,,,,,,,,,,,,,,,,,,,,,,Essen,4kZQy
05114,rki_github,2022/08/01 01:21:46,2022/08/01 19:11:13,731,322.25,0.61,-203.22,1,86,0,1.2,11.6,05,7.16,,,,,,,,,,,,,,,,,,,,,,,,Krefeld,FmWi5
05116,rki_github,2022/08/01 01:21:46,2022/08/01 19:11:13,1113,428.63,0.72,-165.98,6,82,2,7.3,6.1,05,7.16,,,,,,,,,,,,,,,,,,,,,,,,Mönchengladbach,m3PYC
05117,rki_github,2022/08/01 01:21:46,2022/08/01 19:11:13,887,518.95,1.65,204.19,2,36,1,5.6,22.2,05,7.16,,,,,,,,,,,,,,,,,,,,,,,,Mülheim an der Ruhr,IEMyd
05119,rki_github,2022/08/01 01:21:46,2022/08/01 19:11:13,693,330.68,0.73,-125.02,6,67,2,9,17.9,05,7.16,,,,,,,,,,,,,,,,,,,,,,,,Oberhausen,LNRlw
05120,rki_github,2022/08/01 01:21:46,2022/08/01 19:11:13,571,512.03,0.86,-82.5,2,28,0,7.1,32.1,05,7.16,,,,,,,,,,,,,,,,,,,,,,,,Remscheid,FfG6M
05122,rki_github,2022/08/01 01:21:46,2022/08/01 19:11:13,991,622.51,0.89,-77.26,7,72,2,9.7,15.3,05,7.16,,,,,,,,,,,,,,,,,,,,,,,,Solingen,6S0sY
05124,rki_github,2022/08/01 01:21:46,2022/08/01 19:11:13,1505,423.94,0.66,-216.9,15,134,2,11.2,11.2,05,7.16,,,,,,,,,,,,,,,,,,,,,,,,Wuppertal,soVeS
05154,rki_github,2022/08/01 01:21:46,2022/08/01 19:11:13,1194,380.76,0.8,-97.26,3,66,1,4.5,27.3,05,7.16,,,,,,,,,,,,,,,,,,,,,,,,Kleve,aKua9
05158,rki_github,2022/08/01 01:21:46,2022/08/01 19:11:13,2028,418.73,0.63,-241.16,1,53,0,1.9,26.4,05,7.16,,,,,,,,,,,,,,,,,,,,,,,,Mettmann,KV6M2
05162,rki_github,2022/08/01 01:21:46,2022/08/01 19:11:13,1708,377.88,0.68,-175,4,98,2,4.1,16.3,05,7.16,,,,,,,,,,,,,,,,,,,,,,,,Rhein-Kreis Neuss,BKcqq
05166,rki_github,2022/08/01 01:21:46,2022/08/01 19:11:13,1339,448.52,0.73,-164.8,1,31,0,3.2,32.3,05,7.16,,,,,,,,,,,,,,,,,,,,,,,,Viersen,keVFG
05170,rki_github,2022/08/01 01:21:46,2022/08/01 19:11:13,1999,434.46,0.7,-188.21,8,125,4,6.4,28.8,05,7.16,,,,,,,,,,,,,,,,,,,,,,,,Wesel,hQVEp
05314,rki_github,2022/08/01 01:21:46,2022/08/01 19:11:13,1484,448.91,0.68,-209.93,16,277,5,5.8,6.9,05,7.16,,,,,,,,,,,,,,,,,,,,,,,,Bonn,cXaKr
05315,rki_github,2022/08/01 01:21:46,2022/08/01 19:11:13,4204,388,0.71,-156.9,26,321,10,8.1,7.5,05,7.16,,,,,,,,,,,,,,,,,,,,,,,,Köln,tPzmG
05316,rki_github,2022/08/01 01:21:46,2022/08/01 19:11:13,813,496.02,0.88,-65.89,0,66,0,0,28.8,05,7.16,,,,,,,,,,,,,,,,,,,,,,,,Leverkusen,jqNwU
05334,rki_github,2022/08/01 01:21:46,2022/08/01 19:11:13,2387,428.83,0.76,-133.84,12,269,7,4.5,10.4,05,7.16,,,,,,,,,,,,,,,,,,,,,,,,Städteregion Aachen,DFvyK
05358,rki_github,2022/08/01 01:21:46,2022/08/01 19:11:13,1495,563.85,0.76,-179.15,5,54,1,9.3,5.6,05,7.16,,,,,,,,,,,,,,,,,,,,,,,,Düren,7PGIh
05362,rki_github,2022/08/01 01:21:46,2022/08/01 19:11:13,2140,455.7,0.68,-215.71,0,58,0,0,19,05,7.16,,,,,,,,,,,,,,,,,,,,,,,,Rhein-Erft-Kreis,2t6kp
05366,rki_github,2022/08/01 01:21:46,2022/08/01 19:11:13,1206,620.5,0.82,-134.29,1,28,0,3.6,25,05,7.16,,,,,,,,,,,,,,,,,,,,,,,,Euskirchen,owaic
05370,rki_github,2022/08/01 01:21:46,2022/08/01 19:11:13,1810,705.77,0.87,-102.94,2,36,0,5.6,5.6,05,7.16,,,,,,,,,,,,,,,,,,,,,,,,Heinsberg,cUZ59
05374,rki_github,2022/08/01 01:21:46,2022/08/01 19:11:13,1020,375.42,0.72,-146.12,1,49,1,2,22.4,05,7.16,,,,,,,,,,,,,,,,,,,,,,,,Oberbergischer Kreis,C6Cfh
05378,rki_github,2022/08/01 01:21:46,2022/08/01 19:11:13,1120,395.38,0.74,-141.91,3,31,2,9.7,12.9,05,7.16,,,,,,,,,,,,,,,,,,,,,,,,Rheinisch-Bergischer Kreis,mGguD
05382,rki_github,2022/08/01 01:21:46,2022/08/01 19:11:13,1983,330.29,0.59,-225.19,3,87,0,3.4,20.7,05,7.16,,,,,,,,,,,,,,,,,,,,,,,,Rhein-Sieg-Kreis,A68Yp
05512,rki_github,2022/08/01 01:21:46,2022/08/01 19:11:13,422,359.49,0.66,-184.86,3,43,1,7,25.6,05,7.16,,,,,,,,,,,,,,,,,,,,,,,,Bottrop,c4DzQ
05513,rki_github,2022/08/01 01:21:46,2022/08/01 19:11:13,1009,389.42,0.69,-170.97,6,84,3,7.1,19,05,7.16,,,,,,,,,,,,,,,,,,,,,,,,Gelsenkirchen,fdKBX
05515,rki_github,2022/08/01 01:21:46,2022/08/01 19:11:13,1532,484.19,0.73,-178.25,4,211,0,1.9,7.6,05,7.16,,,,,,,,,,,,,,,,,,,,,,,,Münster,Fe3bJ
05554,rki_github,2022/08/01 01:21:46,2022/08/01 19:11:13,1841,495.03,0.96,-21.24,8,62,2,12.9,19.4,05,7.16,,,,,,,,,,,,,,,,,,,,,,,,Borken,wxJbK
05558,rki_github,2022/08/01 01:21:46,2022/08/01 19:11:13,958,434.05,0.64,-242.4,3,28,1,10.7,3.6,05,7.16,,,,,,,,,,,,,,,,,,,,,,,,Coesfeld,IvX9T
05562,rki_github,2022/08/01 01:21:46,2022/08/01 19:11:13,2574,419.49,0.78,-121.58,13,217,5,6,28.1,05,7.16,,,,,,,,,,,,,,,,,,,,,,,,Recklinghausen,amKML
05566,rki_github,2022/08/01 01:21:46,2022/08/01 19:11:13,1996,445.34,0.73,-161.76,8,100,2,8,16,05,7.16,,,,,,,,,,,,,,,,,,,,,,,,Steinfurt,6LTPS
05570,rki_github,2022/08/01 01:21:46,2022/08/01 19:11:13,1517,546.83,0.86,-87.59,1,47,0,2.1,10.6,05,7.16,,,,,,,,,,,,,,,,,,,,,,,,Warendorf,RrYH5
05711,rki_github,2022/08/01 01:21:46,2022/08/01 19:11:13,1381,414.08,0.73,-149.62,8,124,3,6.5,13.7,05,7.16,,,,,,,,,,,,,,,,,,,,,,,,Bielefeld,HuXVW
05754,rki_github,2022/08/01 01:21:46,2022/08/01 19:11:13,1405,385.12,0.7,-166.38,2,27,0,7.4,29.6,05,7.16,,,,,,,,,,,,,,,,,,,,,,,,Gütersloh,V5MqH
05758,rki_github,2022/08/01 01:21:46,2022/08/01 19:11:13,1242,495.72,0.77,-152.07,2,50,2,4,28,05,7.16,,,,,,,,,,,,,,,,,,,,,,,,Herford,kSJyO
05762,rki_github,2022/08/01 01:21:46,2022/08/01 19:11:13,634,453.74,1.07,28.63,0,32,0,0,3.1,05,7.16,,,,,,,,,,,,,,,,,,,,,,,,Höxter,frRS3
05766,rki_github,2022/08/01 01:21:46,2022/08/01 19:11:13,1271,366.31,0.74,-130.27,6,50,0,12,4,05,7.16,,,,,,,,,,,,,,,,,,,,,,,,Lippe,Hx70d
05770,rki_github,2022/08/01 01:21:46,2022/08/01 19:11:13,2442,787.06,1.03,23.21,6,194,0,3.1,9.3,05,7.16,,,,,,,,,,,,,,,,,,,,,,,,Minden-Lübbecke,lgaBk
05774,rki_github,2022/08/01 01:21:46,2022/08/01 19:11:13,1347,436.86,0.73,-157.95,1,77,0,1.3,24.7,05,7.16,,,,,,,,,,,,,,,,,,,,,,,,Paderborn,WF5Ei
05911,rki_github,2022/08/01 01:21:46,2022/08/01 19:11:13,1591,436.54,0.57,-327.61,13,175,4,7.4,11.4,05,7.16,,,,,,,,,,,,,,,,,,,,,,,,Bochum,TD1kh
05913,rki_github,2022/08/01 01:21:46,2022/08/01 19:11:13,3097,526.97,0.81,-126.43,16,278,7,5.8,8.6,05,7.16,,,,,,,,,,,,,,,,,,,,,,,,Dortmund,CuSpa
05914,rki_github,2022/08/01 01:21:46,2022/08/01 19:11:13,900,476.98,0.84,-89.57,3,61,2,4.9,19.7,05,7.16,,,,,,,,,,,,,,,,,,,,,,,,Hagen,Lkj34
05915,rki_github,2022/08/01 01:21:46,2022/08/01 19:11:13,799,446.45,0.68,-208.42,4,92,2,4.3,33.7,05,7.16,,,,,,,,,,,,,,,,,,,,,,,,Hamm,DIwxl
05916,rki_github,2022/08/01 01:21:46,2022/08/01 19:11:13,693,441.57,0.6,-288.65,5,60,3,8.3,18.3,05,7.16,,,,,,,,,,,,,,,,,,,,,,,,Herne,LZojy
05954,rki_github,2022/08/01 01:21:46,2022/08/01 19:11:13,1187,367.34,0.65,-194.35,3,132,1,2.3,23.5,05,7.16,,,,,,,,,,,,,,,,,,,,,,,,Ennepe-Ruhr-Kreis,JCPuj
05958,rki_github,2022/08/01 01:21:46,2022/08/01 19:11:13,1316,508.05,0.81,-116.2,4,78,0,5.1,23.1,05,7.16,,,,,,,,,,,,,,,,,,,,,,,,Hochsauerlandkreis,HQxBN
05962,rki_github,2022/08/01 01:21:46,2022/08/01 19:11:13,2337,571.87,0.93,-40.13,4,103,3,3.9,19.4,05,7.16,,,,,,,,,,,,,,,,,,,,,,,,Märkischer Kreis,BzcME
05966,rki_github,2022/08/01 01:21:46,2022/08/01 19:11:13,459,344.18,0.98,-7.5,1,26,0,3.8,46.2,05,7.16,,,,,,,,,,,,,,,,,,,,,,,,Olpe,mkvJm
05970,rki_github,2022/08/01 01:21:46,2022/08/01 19:11:13,1770,642.49,0.97,-20.33,6,101,2,5.9,8.9,05,7.16,,,,,,,,,,,,,,,,,,,,,,,,Siegen-Wittgenstein,bv72Q
05974,rki_github,2022/08/01 01:21:46,2022/08/01 19:11:13,924,306.96,0.53,-267.1,3,85,0,3.5,20,05,7.16,,,,,,,,,,,,,,,,,,,,,,,,Soest,pOi7G
05978,rki_github,2022/08/01 01:21:46,2022/08/01 19:11:13,1932,490.83,0.88,-69.36,6,107,2,5.6,13.1,05,7.16,,,,,,,,,,,,,,,,,,,,,,,,Unna,80jnW
06,rki_github,2022/08/01 01:21:46,2022/08/01 19:11:13,45792,727.65,0.72,-285.42,146,1827,49,8,12.8,00,6.69,6.44,10.6,0.922,75.2,78.3,60.3,7.7,145,2465,0.639,352,8,404,0.502,58,170,14267,0.76,2038,4,486,0.4,69,Hessen,
06411,rki_github,2022/08/01 01:21:46,2022/08/01 19:11:13,1224,768.97,0.76,-241.25,5,105,4,4.8,26.7,06,6.44,,,,,,,,,,,,,,,,,,,,,,,,Darmstadt,bJdFq
06412,rki_github,2022/08/01 01:21:46,2022/08/01 19:11:13,4558,596.52,0.69,-265.41,33,271,10,12.2,9.2,06,6.44,,,,,,,,,,,,,,,,,,,,,,,,Frankfurt am Main,8woK9
06413,rki_github,2022/08/01 01:21:46,2022/08/01 19:11:13,794,606.61,0.71,-242.18,7,104,1,6.7,17.3,06,6.44,,,,,,,,,,,,,,,,,,,,,,,,Offenbach am Main,GqFRF
06414,rki_github,2022/08/01 01:21:46,2022/08/01 19:11:13,2091,750.51,0.74,-265.25,5,83,2,6,9.6,06,6.44,,,,,,,,,,,,,,,,,,,,,,,,Wiesbaden,w8fNd
06431,rki_github,2022/08/01 01:21:46,2022/08/01 19:11:13,2187,806.97,0.77,-240.58,4,43,1,9.3,27.9,06,6.44,,,,,,,,,,,,,,,,,,,,,,,,Bergstraße,HEHqQ
06432,rki_github,2022/08/01 01:21:46,2022/08/01 19:11:13,2363,793.75,0.76,-251.93,2,20,2,10,0,06,6.44,,,,,,,,,,,,,,,,,,,,,,,,Darmstadt-Dieburg,j4IDj
06433,rki_github,2022/08/01 01:21:46,2022/08/01 19:11:13,1516,549.66,0.56,-432.55,7,21,5,33.3,19,06,6.44,,,,,,,,,,,,,,,,,,,,,,,,Groß-Gerau,w02DV
06434,rki_github,2022/08/01 01:21:46,2022/08/01 19:11:13,1777,748.9,0.77,-224.21,1,22,1,4.5,22.7,06,6.44,,,,,,,,,,,,,,,,,,,,,,,,Hochtaunuskreis,yJeLF
06435,rki_github,2022/08/01 01:21:46,2022/08/01 19:11:13,3035,719.72,0.68,-333.9,9,76,3,11.8,14.5,06,6.44,,,,,,,,,,,,,,,,,,,,,,,,Main-Kinzig-Kreis,PiWDj
06436,rki_github,2022/08/01 01:21:46,2022/08/01 19:11:13,1474,616.06,0.59,-422.13,1,23,0,4.3,0,06,6.44,,,,,,,,,,,,,,,,,,,,,,,,Main-Taunus-Kreis,teIyy
06437,rki_github,2022/08/01 01:21:46,2022/08/01 19:11:13,826,853.71,0.77,-255.29,5,124,1,4,0.8,06,6.44,,,,,,,,,,,,,,,,,,,,,,,,Odenwaldkreis,bqrPv
06438,rki_github,2022/08/01 01:21:46,2022/08/01 19:11:13,2896,812.25,0.77,-241.49,2,24,0,8.3,16.7,06,6.44,,,,,,,,,,,,,,,,,,,,,,,,Offenbach,Bphzv
06439,rki_github,2022/08/01 01:21:46,2022/08/01 19:11:13,1754,935.8,0.88,-125.38,1,12,1,8.3,8.3,06,6.44,,,,,,,,,,,,,,,,,,,,,,,,Rheingau-Taunus-Kreis,dtD5w
06440,rki_github,2022/08/01 01:21:46,2022/08/01 19:11:13,2212,712.74,0.81,-165.62,6,64,3,9.4,4.7,06,6.44,,,,,,,,,,,,,,,,,,,,,,,,Wetteraukreis,BnyHk
06531,rki_github,2022/08/01 01:21:46,2022/08/01 19:11:13,2289,842.58,0.7,-366.26,18,188,6,9.6,7.4,06,6.44,,,,,,,,,,,,,,,,,,,,,,,,Gießen,Z3HiZ
06532,rki_github,2022/08/01 01:21:46,2022/08/01 19:11:13,1800,710.42,0.64,-393.1,2,43,0,4.7,2.3,06,6.44,,,,,,,,,,,,,,,,,,,,,,,,Lahn-Dill-Kreis,HNa6M
06533,rki_github,2022/08/01 01:21:46,2022/08/01 19:11:13,1047,607.69,0.6,-406.87,6,41,3,14.6,9.8,06,6.44,,,,,,,,,,,,,,,,,,,,,,,,Limburg-Weilburg,Ek4Xp
06534,rki_github,2022/08/01 01:21:46,2022/08/01 19:11:13,2262,919.87,0.79,-246.03,8,122,2,6.6,10.7,06,6.44,,,,,,,,,,,,,,,,,,,,,,,,Marburg-Biedenkopf,8sg1G
06535,rki_github,2022/08/01 01:21:46,2022/08/01 19:11:13,1083,1026.48,0.84,-194.3,3,22,0,13.6,31.8,06,6.44,,,,,,,,,,,,,,,,,,,,,,,,Vogelsbergkreis,ifjmy
06611,rki_github,2022/08/01 01:21:46,2022/08/01 19:11:13,1126,560.07,0.75,-191.5,9,142,2,6.3,14.1,06,6.44,,,,,,,,,,,,,,,,,,,,,,,,Kassel (Stadt),9KqbF
06631,rki_github,2022/08/01 01:21:46,2022/08/01 19:11:13,1734,777.5,0.56,-609.35,3,92,0,3.3,10.9,06,6.44,,,,,,,,,,,,,,,,,,,,,,,,Fulda,KUcob
06632,rki_github,2022/08/01 01:21:46,2022/08/01 19:11:13,921,765.56,0.76,-239.39,1,33,0,3,51.5,06,6.44,,,,,,,,,,,,,,,,,,,,,,,,Hersfeld-Rotenburg,9AEw6
06633,rki_github,2022/08/01 01:21:46,2022/08/01 19:11:13,1468,619.39,0.75,-204.64,0,21,0,0,14.3,06,6.44,,,,,,,,,,,,,,,,,,,,,,,,Kassel,ASQfD
06634,rki_github,2022/08/01 01:21:46,2022/08/01 19:11:13,1438,799.6,0.81,-181.83,2,26,1,7.7,19.2,06,6.44,,,,,,,,,,,,,,,,,,,,,,,,Schwalm-Eder-Kreis,IBY0Q
06635,rki_github,2022/08/01 01:21:46,2022/08/01 19:11:13,1052,672.08,0.8,-166.1,1,76,0,1.3,18.4,06,6.44,,,,,,,,,,,,,,,,,,,,,,,,Waldeck-Frankenberg,wwjP4
06636,rki_github,2022/08/01 01:21:46,2022/08/01 19:11:13,865,864.6,0.64,-485.78,2,30,0,6.7,30,06,6.44,,,,,,,,,,,,,,,,,,,,,,,,Werra-Meißner-Kreis,M40FT
09,rki_github,2022/08/01 01:21:46,2022/08/01 19:11:13,93193,709.22,0.72,-282.42,261,3356,86,7.8,15.8,00,6.69,9.39,13.7,0.917,75.2,75.3,58.7,5.4,76,6738,0.993,963,8,905,1.021,129,218,33664,0.972,4809,18,1719,1.011,246,Bayern,
09161,rki_github,2022/08/01 01:21:46,2022/08/01 19:11:13,965,704.63,0.64,-392.11,2,46,0,4.3,26.1,09,9.39,,,,,,,,,,,,,,,,,,,,,,,,Ingolstadt,FzOpr
09162,rki_github,2022/08/01 01:21:46,2022/08/01 19:11:13,9892,664.69,0.7,-282.82,42,497,12,8.5,9.3,09,9.39,,,,,,,,,,,,,,,,,,,,,,,,München (Stadt),oC9OR
09163,rki_github,2022/08/01 01:21:46,2022/08/01 19:11:13,485,762.69,1.04,28.31,5,39,1,12.8,17.9,09,9.39,,,,,,,,,,,,,,,,,,,,,,,,Rosenheim (Stadt),mAHEY
09171,rki_github,2022/08/01 01:21:46,2022/08/01 19:11:13,809,724.56,0.84,-139.72,2,23,1,8.7,17.4,09,9.39,,,,,,,,,,,,,,,,,,,,,,,,Altötting,ht408
09172,rki_github,2022/08/01 01:21:46,2022/08/01 19:11:13,347,326.35,0.42,-449.56,0,18,0,0,0,09,9.39,,,,,,,,,,,,,,,,,,,,,,,,Berchtesgadener Land,Tpfbn
09173,rki_github,2022/08/01 01:21:46,2022/08/01 19:11:13,672,524.13,0.69,-230.87,3,22,2,13.6,18.2,09,9.39,,,,,,,,,,,,,,,,,,,,,,,,Bad Tölz-Wolfratshausen,y9gVg
09174,rki_github,2022/08/01 01:21:46,2022/08/01 19:11:13,1096,706.56,0.65,-373.91,1,31,0,3.2,9.7,09,9.39,,,,,,,,,,,,,,,,,,,,,,,,Dachau,NJHlp
09175,rki_github,2022/08/01 01:21:46,2022/08/01 19:11:13,1156,802.27,0.67,-400.44,2,18,0,11.1,0,09,9.39,,,,,,,,,,,,,,,,,,,,,,,,Ebersberg,95kiU
09176,rki_github,2022/08/01 01:21:46,2022/08/01 19:11:13,1019,765.19,0.68,-359.69,3,44,3,6.8,15.9,09,9.39,,,,,,,,,,,,,,,,,,,,,,,,Eichstätt,i9uTV
09177,rki_github,2022/08/01 01:21:46,2022/08/01 19:11:13,1033,743.75,0.63,-443.51,3,18,1,16.7,0,09,9.39,,,,,,,,,,,,,,,,,,,,,,,,Erding,xb6ME
09178,rki_github,2022/08/01 01:21:46,2022/08/01 19:11:13,924,512.44,0.6,-346.06,1,10,0,10,0,09,9.39,,,,,,,,,,,,,,,,,,,,,,,,Freising,7pqYD
09179,rki_github,2022/08/01 01:21:46,2022/08/01 19:11:13,1557,711.8,0.77,-209.38,1,8,0,12.5,0,09,9.39,,,,,,,,,,,,,,,,,,,,,,,,Fürstenfeldbruck,4Aqzt
09180,rki_github,2022/08/01 01:21:46,2022/08/01 19:11:13,467,529,0.65,-291.12,2,58,0,3.4,8.6,09,9.39,,,,,,,,,,,,,,,,,,,,,,,,Garmisch-Partenkirchen,v3Ioi
09181,rki_github,2022/08/01 01:21:46,2022/08/01 19:11:13,777,642.05,0.76,-203.27,2,13,1,15.4,23.1,09,9.39,,,,,,,,,,,,,,,,,,,,,,,,Landsberg am Lech,A1TNs
09182,rki_github,2022/08/01 01:21:46,2022/08/01 19:11:13,668,666.78,0.74,-239.56,4,20,4,20,10,09,9.39,,,,,,,,,,,,,,,,,,,,,,,,Miesbach,O41hW
09183,rki_github,2022/08/01 01:21:46,2022/08/01 19:11:13,898,770.93,0.68,-366.58,2,10,1,20,10,09,9.39,,,,,,,,,,,,,,,,,,,,,,,,Mühldorfam Inn,itH3A
09184,rki_github,2022/08/01 01:21:46,2022/08/01 19:11:13,1805,516.18,0.57,-396.36,0,6,0,0,16.7,09,9.39,,,,,,,,,,,,,,,,,,,,,,,,München,caQEF
09185,rki_github,2022/08/01 01:21:46,2022/08/01 19:11:13,767,784.82,0.84,-145.3,0,34,0,0,26.5,09,9.39,,,,,,,,,,,,,,,,,,,,,,,,Neuburg-Schrobenhausen,8Dezf
09186,rki_github,2022/08/01 01:21:46,2022/08/01 19:11:13,1062,822.44,0.72,-316.74,3,8,2,37.5,12.5,09,9.39,,,,,,,,,,,,,,,,,,,,,,,,Pfaffenhofen an derIlm,82y93
09187,rki_github,2022/08/01 01:21:46,2022/08/01 19:11:13,1989,759.97,0.79,-202.89,4,65,3,6.2,13.8,09,9.39,,,,,,,,,,,,,,,,,,,,,,,,Rosenheim,eEa6J
09188,rki_github,2022/08/01 01:21:46,2022/08/01 19:11:13,845,618.55,0.7,-264.26,3,45,0,6.7,11.1,09,9.39,,,,,,,,,,,,,,,,,,,,,,,,Starnberg,SnxZ7
09189,rki_github,2022/08/01 01:21:46,2022/08/01 19:11:13,685,385.95,0.55,-315.52,3,50,3,6,8,09,9.39,,,,,,,,,,,,,,,,,,,,,,,,Traunstein,MJDRy
09190,rki_github,2022/08/01 01:21:46,2022/08/01 19:11:13,1066,783.05,0.79,-213.03,0,23,0,0,17.4,09,9.39,,,,,,,,,,,,,,,,,,,,,,,,Weilheim-Schongau,jmoWY
09261,rki_github,2022/08/01 01:21:46,2022/08/01 19:11:13,509,696.64,0.82,-156.03,4,54,1,7.4,11.1,09,9.39,,,,,,,,,,,,,,,,,,,,,,,,Landshut (Stadt),NqDpJ
09262,rki_github,2022/08/01 01:21:46,2022/08/01 19:11:13,318,606.7,0.71,-242.3,1,48,1,2.1,25,09,9.39,,,,,,,,,,,,,,,,,,,,,,,,Passau (Stadt),iJIeE
09263,rki_github,2022/08/01 01:21:46,2022/08/01 19:11:13,306,642.7,0.78,-182.73,1,27,0,3.7,11.1,09,9.39,,,,,,,,,,,,,,,,,,,,,,,,Straubing,4wXCk
09271,rki_github,2022/08/01 01:21:46,2022/08/01 19:11:13,504,421.83,0.62,-261.13,2,26,1,7.7,7.7,09,9.39,,,,,,,,,,,,,,,,,,,,,,,,Deggendorf,Rty3l
09272,rki_github,2022/08/01 01:21:46,2022/08/01 19:11:13,461,588.35,0.46,-686.62,2,18,0,11.1,11.1,09,9.39,,,,,,,,,,,,,,,,,,,,,,,,Freyung-Grafenau,lS5V9
09273,rki_github,2022/08/01 01:21:46,2022/08/01 19:11:13,840,680.77,0.67,-336.33,0,9,0,0,33.3,09,9.39,,,,,,,,,,,,,,,,,,,,,,,,Kelheim,C51rz
09274,rki_github,2022/08/01 01:21:46,2022/08/01 19:11:13,1060,657.6,0.72,-258.08,0,6,0,0,0,09,9.39,,,,,,,,,,,,,,,,,,,,,,,,Landshut,X7CdC
09275,rki_github,2022/08/01 01:21:46,2022/08/01 19:11:13,1003,518.47,0.64,-290.51,4,28,2,14.3,28.6,09,9.39,,,,,,,,,,,,,,,,,,,,,,,,Passau,Jr8WC
09276,rki_github,2022/08/01 01:21:46,2022/08/01 19:11:13,482,623.44,0.69,-281.97,0,13,0,0,53.8,09,9.39,,,,,,,,,,,,,,,,,,,,,,,,Regen,na3Ah
09277,rki_github,2022/08/01 01:21:46,2022/08/01 19:11:13,683,560.76,0.67,-281.61,2,16,1,12.5,37.5,09,9.39,,,,,,,,,,,,,,,,,,,,,,,,Rottal-Inn,UwVRg
16054,rki_github,2022/08/01 01:21:46,2022/08/01 19:11:13,122,335.21,0.88,-46.71,0,32,0,0,50,16,10.71,,,,,,,,,,,,,,,,,,,,,,,,Suhl,M6L13
16055,rki_github,2022/08/01 01:21:46,2022/08/01 19:11:13,211,324.13,0.88,-46.08,1,9,0,11.1,22.2,16,10.71,,,,,,,,,,,,,,,,,,,,,,,,Weimar,c7fDm
16061,rki_github,2022/08/01 01:21:46,2022/08/01 19:11:13,476,478.57,0.6,-319.72,2,22,2,9.1,45.5,16,10.71,,,,,,,,,,,,,,,,,,,,,,,,Eichsfeld,xN869
16062,rki_github,2022/08/01 01:21:46,2022/08/01 19:11:13,160,194.04,0.59,-137.04,3,55,1,5.5,29.1,16,10.71,,,,,,,,,,,,,,,,,,,,,,,,Nordhausen,d5vlM
16063,rki_github,2022/08/01 01:21:46,2022/08/01 19:11:13,704,596.78,0.92,-55.1,4,79,1,5.1,25.3,16,10.71,,,,,,,,,,,,,,,,,,,,,,,,Wartburgkreis,XV0oJ
16064,rki_github,2022/08/01 01:21:46,2022/08/01 19:11:13,406,399.22,0.72,-154.38,0,17,0,0,0,16,10.71,,,,,,,,,,,,,,,,,,,,,,,,Unstrut-Hainich-Kreis,d9QGB
16065,rki_github,2022/08/01 01:21:46,2022/08/01 19:11:13,275,374.04,1.08,28.56,0,6,0,0,0,16,10.71,,,,,,,,,,,,,,,,,,,,,,,,Kyffhäuserkreis,CoeKh
16066,rki_github,2022/08/01 01:21:46,2022/08/01 19:11:13,504,405.66,0.73,-147.29,4,42,0,9.5,28.6,16,10.71,,,,,,,,,,,,,,,,,,,,,,,,Schmalkalden-Meiningen,0QMfI
16067,rki_github,2022/08/01 01:21:46,2022/08/01 19:11:13,383,284.63,0.83,-56.48,1,15,1,6.7,53.3,16,10.71,,,,,,,,,,,,,,,,,,,,,,,,Gotha,cT56E
16068,rki_github,2022/08/01 01:21:46,2022/08/01 19:11:13,156,225.74,0.84,-41.96,0,10,0,0,30,16,10.71,,,,,,,,,,,,,,,,,,,,,,,,Sömmerda,bpTXb
16069,rki_github,2022/08/01 01:21:46,2022/08/01 19:11:13,212,338.36,0.95,-19.15,1,8,1,12.5,12.5,16,10.71,,,,,,,,,,,,,,,,,,,,,,,,Hildburghausen,QDdPU
16070,rki_github,2022/08/01 01:21:46,2022/08/01 19:11:13,222,210.22,0.49,-218.74,2,17,2,11.8,29.4,16,10.71,,,,,,,,,,,,,,,,,,,,,,,,Ilm-Kreis,xec3l
16071,rki_github,2022/08/01 01:21:46,2022/08/01 19:11:13,234,284.36,0.73,-105.72,4,71,1,5.6,8.5,16,10.71,,,,,,,,,,,,,,,,,,,,,,,,Weimarer Land,Iy8w9
16072,rki_github,2022/08/01 01:21:46,2022/08/01 19:11:13,187,327.82,0.81,-75.38,0,8,0,0,50,16,10.71,,,,,,,,,,,,,,,,,,,,,,,,Sonneberg,5W2Ap
16073,rki_github,2022/08/01 01:21:46,2022/08/01 19:11:13,315,308.4,0.9,-35.25,4,20,3,20,30,16,10.71,,,,,,,,,,,,,,,,,,,,,,,,Saalfeld-Rudolstadt,Um3oz
16074,rki_github,2022/08/01 01:21:46,2022/08/01 19:11:13,366,441.94,0.94,-26.56,0,6,0,0,0,16,10.71,,,,,,,,,,,,,,,,,,,,,,,,Saale-Holzland-Kreis,qRlBl
16075,rki_github,2022/08/01 01:21:46,2022/08/01 19:11:13,248,311.43,0.87,-45.21,0,4,0,0,50,16,10.71,,,,,,,,,,,,,,,,,,,,,,,,Saale-Orla-Kreis,VWd9l
16076,rki_github,2022/08/01 01:21:46,2022/08/01 19:11:13,245,253.44,0.7,-109.65,0,10,0,0,30,16,10.71,,,,,,,,,,,,,,,,,,,,,,,,Greiz,hPwTe
16077,rki_github,2022/08/01 01:21:46,2022/08/01 19:11:13,310,350.85,0.65,-186.74,0,32,0,0,21.9,16,10.71,,,,,,,,,,,,,,,,,,,,,,,,Altenburger Land,KllIf
07,lua_rp,2022/08/01 12:10:00,2022/08/01 19:11:13,21558,526,0.72,-208.7,81,1112,27,7.3,18.9,00,6.69,5.95,9.9,0.872,75.6,79,63.1,8.5,7,1139,0.64,163,3,175,0.556,25,30,9238,0.746,1320,9,248,0.336,35,Rheinland-Pfalz,
07111,lua_rp,2022/08/01 12:10:00,2022/08/01 19:11:13,416,366,0.58,-271.6,4,119,2,3.4,27.7,07,5.95,,,,,,,,,,,,,,,,,,,,,,,,Koblenz,vMeAJ
07131,lua_rp,2022/08/01 12:10:00,2022/08/01 19:11:13,448,342.6,0.63,-198.5,1,16,0,6.2,12.5,07,5.95,,,,,,,,,,,,,,,,,,,,,,,,Ahrweiler,ttTiP
07132,lua_rp,2022/08/01 12:10:00,2022/08/01 19:11:13,604,467.9,0.68,-216.9,0,16,0,0,31.2,07,5.95,,,,,,,,,,,,,,,,,,,,,,,,Altenkirchen (Westerwald),q7Ma3
07133,lua_rp,2022/08/01 12:10:00,2022/08/01 19:11:13,1293,813.9,0.87,-127.2,5,46,1,10.9,15.2,07,5.95,,,,,,,,,,,,,,,,,,,,,,,,Bad Kreuznach,1Afod
07134,lua_rp,2022/08/01 12:10:00,2022/08/01 19:11:13,533,658.2,0.69,-294.4,5,16,1,31.2,6.2,07,5.95,,,,,,,,,,,,,,,,,,,,,,,,Birkenfeld,2IJJV
07135,lua_rp,2022/08/01 12:10:00,2022/08/01 19:11:13,244,396.2,0.5,-391.4,6,13,1,46.2,23.1,07,5.95,,,,,,,,,,,,,,,,,,,,,,,,Cochem-Zell,tv7sK
07137,lua_rp,2022/08/01 12:10:00,2022/08/01 19:11:13,795,370.1,0.7,-159.7,5,38,3,13.2,18.4,07,5.95,,,,,,,,,,,,,,,,,,,,,,,,Mayen-Koblenz,xs2Ey
07138,lua_rp,2022/08/01 12:10:00,2022/08/01 19:11:13,713,389.3,0.73,-142.6,5,67,1,7.5,16.4,07,5.95,,,,,,,,,,,,,,,,,,,,,,,,Neuwied,gZ5zo
07140,lua_rp,2022/08/01 12:10:00,2022/08/01 19:11:13,607,587,0.78,-166.4,1,5,1,20,20,07,5.95,,,,,,,,,,,,,,,,,,,,,,,,Rhein-Hunsrück-Kreis,XQixg
07141,lua_rp,2022/08/01 12:10:00,2022/08/01 19:11:13,651,531.1,0.85,-90.6,3,29,1,10.3,17.2,07,5.95,,,,,,,,,,,,,,,,,,,,,,,,Rhein-Lahn-Kreis,dq3y1
07143,lua_rp,2022/08/01 12:10:00,2022/08/01 19:11:13,1110,546.8,0.58,-391.4,2,26,0,7.7,19.2,07,5.95,,,,,,,,,,,,,,,,,,,,,,,,Westerwaldkreis,9RQa3
07211,lua_rp,2022/08/01 12:10:00,2022/08/01 19:11:13,360,324.4,0.49,-346,4,78,0,5.1,19.2,07,5.95,,,,,,,,,,,,,,,,,,,,,,,,Trier,6ndrn
07231,lua_rp,2022/08/01 12:10:00,2022/08/01 19:11:13,544,481.9,1.22,86.1,3,20,1,15,15,07,5.95,,,,,,,,,,,,,,,,,,,,,,,,Bernkastel-Wittlich,ppeZ4
07232,lua_rp,2022/08/01 12:10:00,2022/08/01 19:11:13,362,361.8,0.65,-192.9,0,14,0,0,42.9,07,5.95,,,,,,,,,,,,,,,,,,,,,,,,Eifelkreis Bitburg-Prüm,X74Pt
07233,lua_rp,2022/08/01 12:10:00,2022/08/01 19:11:13,428,705.9,0.65,-385.2,1,16,1,6.2,43.8,07,5.95,,,,,,,,,,,,,,,,,,,,,,,,Vulkaneifel,0NIr0
07235,lua_rp,2022/08/01 12:10:00,2022/08/01 19:11:13,652,433.1,0.65,-227.9,0,12,0,0,41.7,07,5.95,,,,,,,,,,,,,,,,,,,,,,,,Trier-Saarburg,1ye8o
07311,lua_rp,2022/08/01 12:10:00,2022/08/01 19:11:13,194,397.9,1.02,8.2,4,13,2,30.8,15.4,07,5.95,,,,,,,,,,,,,,,,,,,,,,,,Frankenthal (Pfalz),SMHfX
07312,lua_rp,2022/08/01 12:10:00,2022/08/01 19:11:13,801,803.7,0.91,-81.3,4,108,1,3.7,13,07,5.95,,,,,,,,,,,,,,,,,,,,,,,,Kaiserslautern (Stadt),L00hk
07313,lua_rp,2022/08/01 12:10:00,2022/08/01 19:11:13,191,409.1,0.5,-407,2,25,0,8,36,07,5.95,,,,,,,,,,,,,,,,,,,,,,,,Landau in der Pfalz,9Kh8X
07314,lua_rp,2022/08/01 12:10:00,2022/08/01 19:11:13,516,299,0.79,-81.2,7,104,2,6.7,16.3,07,5.95,,,,,,,,,,,,,,,,,,,,,,,,Ludwigshafen am Rhein,xOqZw
07315,lua_rp,2022/08/01 12:10:00,2022/08/01 19:11:13,1176,541.2,0.65,-290.6,6,104,5,5.8,1,07,5.95,,,,,,,,,,,,,,,,,,,,,,,,Mainz,6Iprc
07316,lua_rp,2022/08/01 12:10:00,2022/08/01 19:11:13,301,562.8,0.53,-512.1,1,17,0,5.9,5.9,07,5.95,,,,,,,,,,,,,,,,,,,,,,,,Neustadt an der Weinstraße,3ds9Z
07317,lua_rp,2022/08/01 12:10:00,2022/08/01 19:11:13,222,550.1,1.18,84.6,2,16,0,12.5,43.8,07,5.95,,,,,,,,,,,,,,,,,,,,,,,,Pirmasens,OQiHi
07318,lua_rp,2022/08/01 12:10:00,2022/08/01 19:11:13,251,492.7,0.64,-281.8,2,25,1,8,0,07,5.95,,,,,,,,,,,,,,,,,,,,,,,,Speyer,9rqRt
07319,lua_rp,2022/08/01 12:10:00,2022/08/01 19:11:13,542,649.4,0.72,-258.8,2,50,1,4,6,07,5.95,,,,,,,,,,,,,,,,,,,,,,,,Worms,z13fy
07320,lua_rp,2022/08/01 12:10:00,2022/08/01 19:11:13,229,670.6,0.84,-132.3,2,10,1,20,60,07,5.95,,,,,,,,,,,,,,,,,,,,,,,,Zweibrücken,VEuBy
07331,lua_rp,2022/08/01 12:10:00,2022/08/01 19:11:13,963,736.7,0.85,-128.5,0,6,0,0,33.3,07,5.95,,,,,,,,,,,,,,,,,,,,,,,,Alzey-Worms,0xGua
07332,lua_rp,2022/08/01 12:10:00,2022/08/01 19:11:13,843,633.1,0.8,-157.9,2,14,0,14.3,50,07,5.95,,,,,,,,,,,,,,,,,,,,,,,,Bad Dürkheim,N2QwX
07333,lua_rp,2022/08/01 12:10:00,2022/08/01 19:11:13,483,638.1,0.83,-133.7,0,12,0,0,41.7,07,5.95,,,,,,,,,,,,,,,,,,,,,,,,Donnersbergkreis,wvgcn
07334,lua_rp,2022/08/01 12:10:00,2022/08/01 19:11:13,710,549.6,0.72,-211.6,1,22,0,4.5,13.6,07,5.95,,,,,,,,,,,,,,,,,,,,,,,,Germersheim,eBata
07335,lua_rp,2022/08/01 12:10:00,2022/08/01 19:11:13,1026,964.1,0.88,-130.7,0,10,0,0,60,07,5.95,,,,,,,,,,,,,,,,,,,,,,,,Kaiserslautern,wXy5H
07336,lua_rp,2022/08/01 12:10:00,2022/08/01 19:11:13,435,619.1,0.74,-222.5,0,16,0,0,6.2,07,5.95,,,,,,,,,,,,,,,,,,,,,,,,Kusel,ECkM7
07337,lua_rp,2022/08/01 12:10:00,2022/08/01 19:11:13,514,463.1,0.57,-350.2,0,12,0,0,16.7,07,5.95,,,,,,,,,,,,,,,,,,,,,,,,Südliche Weinstraße,6Qzsi
07338,lua_rp,2022/08/01 12:10:00,2022/08/01 19:11:13,581,374.8,0.73,-136.3,,,,,,07,5.95,,,,,,,,,,,,,,,,,,,,,,,,Rhein-Pfalz-Kreis,ns3rk
07339,lua_rp,2022/08/01 12:10:00,2022/08/01 19:11:13,1210,571.6,0.59,-399.4,0,10,0,0,10,07,5.95,,,,,,,,,,,,,,,,,,,,,,,,Mainz-Bingen,esWpL
07340,lua_rp,2022/08/01 12:10:00,2022/08/01 19:11:13,629,662.7,0.84,-125.4,0,7,0,0,85.7,07,5.95,,,,,,,,,,,,,,,,,,,,,,,,Südwestpfalz,Me2ql
08,lga_bw,2022/08/01 16:00:00,2022/08/01 19:11:13,64467,580.6,0.7,-244.2,144,2534,38,5.7,16.9,00,6.69,4.92,8,0.871,74.4,75.7,60.7,5.4,125,4778,0.996,683,78,1409,1.142,201,503,25904,1.047,3701,84,1583,1.003,226,Baden-Württemberg,
08111,lga_bw,2022/08/01 16:00:00,2022/08/01 19:11:13,2485,394.3,0.62,-238.7,14,256,4,5.5,21.5,08,4.92,,,,,,,,,,,,,,,,,,,,,,,,Stuttgart,8Garp
08115,lga_bw,2022/08/01 16:00:00,2022/08/01 19:11:13,2351,598.4,0.65,-325.5,2,46,0,4.3,0,08,4.92,,,,,,,,,,,,,,,,,,,,,,,,Böblingen,ouq9v
08116,lga_bw,2022/08/01 16:00:00,2022/08/01 19:11:13,3576,670.1,0.76,-206.9,5,85,1,5.9,21.2,08,4.92,,,,,,,,,,,,,,,,,,,,,,,,Esslingen,ZqecA
08117,lga_bw,2022/08/01 16:00:00,2022/08/01 19:11:13,1283,495.8,0.75,-165,3,36,3,8.3,27.8,08,4.92,,,,,,,,,,,,,,,,,,,,,,,,Göppingen,JwLYt
08118,lga_bw,2022/08/01 16:00:00,2022/08/01 19:11:13,1745,320.2,0.45,-396.5,10,66,3,15.2,3,08,4.92,,,,,,,,,,,,,,,,,,,,,,,,Ludwigsburg,S5kxY
08119,lga_bw,2022/08/01 16:00:00,2022/08/01 19:11:13,3259,762.7,0.83,-155,0,62,0,0,24.2,08,4.92,,,,,,,,,,,,,,,,,,,,,,,,Rems-Murr-Kreis,n9CMT
08121,lga_bw,2022/08/01 16:00:00,2022/08/01 19:11:13,623,492.7,0.62,-308.4,1,54,0,1.9,31.5,08,4.92,,,,,,,,,,,,,,,,,,,,,,,,Heilbronn (Stadt),C0dzk
08125,lga_bw,2022/08/01 16:00:00,2022/08/01 19:11:13,2666,769.7,0.76,-241.7,5,44,1,11.4,2.3,08,4.92,,,,,,,,,,,,,,,,,,,,,,,,Heilbronn,xljaD
08126,lga_bw,2022/08/01 16:00:00,2022/08/01 19:11:13,811,719.2,0.57,-543.6,1,7,0,14.3,28.6,08,4.92,,,,,,,,,,,,,,,,,,,,,,,,Hohenlohekreis,gJDva
08127,lga_bw,2022/08/01 16:00:00,2022/08/01 19:11:13,1289,651.5,0.77,-196.1,4,50,0,8,12,08,4.92,,,,,,,,,,,,,,,,,,,,,,,,Schwäbisch Hall,HBbRp
08128,lga_bw,2022/08/01 16:00:00,2022/08/01 19:11:13,881,664,0.8,-168.8,4,52,0,7.7,38.5,08,4.92,,,,,,,,,,,,,,,,,,,,,,,,Main-Tauber-Kreis,1tgi4
08135,lga_bw,2022/08/01 16:00:00,2022/08/01 19:11:13,653,491.7,0.62,-299.6,3,20,1,15,35,08,4.92,,,,,,,,,,,,,,,,,,,,,,,,Heidenheim,Pjurh
08136,lga_bw,2022/08/01 16:00:00,2022/08/01 19:11:13,2059,655.1,0.55,-533,5,66,1,7.6,18.2,08,4.92,,,,,,,,,,,,,,,,,,,,,,,,Ostalbkreis,iTJPm
08211,lga_bw,2022/08/01 16:00:00,2022/08/01 19:11:13,316,569.9,0.59,-395,1,18,0,5.6,27.8,08,4.92,,,,,,,,,,,,,,,,,,,,,,,,Baden-Baden,66FWw
08212,lga_bw,2022/08/01 16:00:00,2022/08/01 19:11:13,2188,709.4,0.86,-115.1,7,105,1,6.7,16.2,08,4.92,,,,,,,,,,,,,,,,,,,,,,,,Karlsruhe (Stadt),rMKdB
08215,lga_bw,2022/08/01 16:00:00,2022/08/01 19:11:13,3461,774.5,0.78,-216.9,2,44,0,4.5,11.4,08,4.92,,,,,,,,,,,,,,,,,,,,,,,,Karlsruhe,mRYg8
08216,lga_bw,2022/08/01 16:00:00,2022/08/01 19:11:13,1700,732.5,0.65,-387.8,0,9,0,0,0,08,4.92,,,,,,,,,,,,,,,,,,,,,,,,Rastatt,imzqc
08221,lga_bw,2022/08/01 16:00:00,2022/08/01 19:11:13,802,505.2,0.67,-244.4,11,220,7,5,8.6,08,4.92,,,,,,,,,,,,,,,,,,,,,,,,Heidelberg,25cgl
08222,lga_bw,2022/08/01 16:00:00,2022/08/01 19:11:13,2096,676.7,1.34,173.3,6,102,3,5.9,14.7,08,4.92,,,,,,,,,,,,,,,,,,,,,,,,Mannheim,hgJCg
08225,lga_bw,2022/08/01 16:00:00,2022/08/01 19:11:13,1058,735.8,0.56,-575.1,0,21,0,0,4.8,08,4.92,,,,,,,,,,,,,,,,,,,,,,,,Neckar-Odenwald-Kreis,Bhln9
08226,lga_bw,2022/08/01 16:00:00,2022/08/01 19:11:13,3185,581,0.72,-229.4,2,40,1,5,15,08,4.92,,,,,,,,,,,,,,,,,,,,,,,,Rhein-Neckar-Kreis,z1x1b
08231,lga_bw,2022/08/01 16:00:00,2022/08/01 19:11:13,532,422.2,0.54,-360.2,0,46,0,0,4.3,08,4.92,,,,,,,,,,,,,,,,,,,,,,,,Pforzheim,Lu21Q
08235,lga_bw,2022/08/01 16:00:00,2022/08/01 19:11:13,974,608.2,1.44,185.5,2,16,0,12.5,12.5,08,4.92,,,,,,,,,,,,,,,,,,,,,,,,Calw,OnrKY
08236,lga_bw,2022/08/01 16:00:00,2022/08/01 19:11:13,1257,629.3,0.65,-340.9,0,10,0,0,0,08,4.92,,,,,,,,,,,,,,,,,,,,,,,,Enzkreis,OM5QN
08237,lga_bw,2022/08/01 16:00:00,2022/08/01 19:11:13,706,596.5,0.69,-263.6,1,12,1,8.3,25,08,4.92,,,,,,,,,,,,,,,,,,,,,,,,Freudenstadt,ZKw77
08311,lga_bw,2022/08/01 16:00:00,2022/08/01 19:11:13,1215,526.1,0.68,-243.4,3,202,1,1.5,21.8,08,4.92,,,,,,,,,,,,,,,,,,,,,,,,Freiburg im Breisgau,MgBt8
08315,lga_bw,2022/08/01 16:00:00,2022/08/01 19:11:13,1372,518,0.69,-228,2,29,0,6.9,0,08,4.92,,,,,,,,,,,,,,,,,,,,,,,,Breisgau-Hochschwarzwald,Fu6wc
08316,lga_bw,2022/08/01 16:00:00,2022/08/01 19:11:13,1157,693.4,0.72,-270.3,1,94,0,1.1,2.1,08,4.92,,,,,,,,,,,,,,,,,,,,,,,,Emmendingen,ZZ4JZ
08317,lga_bw,2022/08/01 16:00:00,2022/08/01 19:11:13,2323,537,0.75,-178.5,4,87,2,4.6,23,08,4.92,,,,,,,,,,,,,,,,,,,,,,,,Ortenaukreis,sEsci
08325,lga_bw,2022/08/01 16:00:00,2022/08/01 19:11:13,635,453,0.69,-202.7,2,10,1,20,0,08,4.92,,,,,,,,,,,,,,,,,,,,,,,,Rottweil,Hbqgn
08326,lga_bw,2022/08/01 16:00:00,2022/08/01 19:11:13,1048,492.3,0.72,-190.7,6,53,1,11.3,20.8,08,4.92,,,,,,,,,,,,,,,,,,,,,,,,Schwarzwald-Baar-Kreis,FsuDj
08327,lga_bw,2022/08/01 16:00:00,2022/08/01 19:11:13,806,568.9,0.63,-327.5,0,10,0,0,0,08,4.92,,,,,,,,,,,,,,,,,,,,,,,,Tuttlingen,t7Wt4
08335,lga_bw,2022/08/01 16:00:00,2022/08/01 19:11:13,1401,488.4,0.67,-238.7,4,84,0,4.8,20.2,08,4.92,,,,,,,,,,,,,,,,,,,,,,,,Konstanz,ftLjN
08336,lga_bw,2022/08/01 16:00:00,2022/08/01 19:11:13,1094,478.1,0.69,-213.2,2,32,1,6.2,25,08,4.92,,,,,,,,,,,,,,,,,,,,,,,,Lörrach,kFhKI
08337,lga_bw,2022/08/01 16:00:00,2022/08/01 19:11:13,651,380.2,0.62,-235.9,2,10,1,20,0,08,4.92,,,,,,,,,,,,,,,,,,,,,,,,Waldshut,7T4Og
08415,lga_bw,2022/08/01 16:00:00,2022/08/01 19:11:13,1399,486.6,0.63,-282.8,3,40,1,7.5,30,08,4.92,,,,,,,,,,,,,,,,,,,,,,,,Reutlingen,wRlYE
08416,lga_bw,2022/08/01 16:00:00,2022/08/01 19:11:13,1279,559.8,0.56,-443.8,2,91,0,2.2,5.5,08,4.92,,,,,,,,,,,,,,,,,,,,,,,,Tübingen,5x2S3
08417,lga_bw,2022/08/01 16:00:00,2022/08/01 19:11:13,1126,593.1,0.62,-370.8,4,24,1,16.7,12.5,08,4.92,,,,,,,,,,,,,,,,,,,,,,,,Zollernalbkreis,DrkrK
08421,lga_bw,2022/08/01 16:00:00,2022/08/01 19:11:13,778,615.5,0.54,-522.1,8,129,2,6.2,22.5,08,4.92,,,,,,,,,,,,,,,,,,,,,,,,Ulm,rhhrw
08425,lga_bw,2022/08/01 16:00:00,2022/08/01 19:11:13,1040,524.7,0.57,-401.1,0,14,0,0,21.4,08,4.92,,,,,,,,,,,,,,,,,,,,,,,,Alb-Donau-Kreis,sQ7Rv
08426,lga_bw,2022/08/01 16:00:00,2022/08/01 19:11:13,1907,942.9,1.22,170.6,2,16,0,12.5,0,08,4.92,,,,,,,,,,,,,,,,,,,,,,,,Biberach,5kGl7
08435,lga_bw,2022/08/01 16:00:00,2022/08/01 19:11:13,1019,467.6,0.79,-121.7,4,54,0,7.4,38.9,08,4.92,,,,,,,,,,,,,,,,,,,,,,,,Bodenseekreis,UCQCe
08436,lga_bw,2022/08/01 16:00:00,2022/08/01 19:11:13,1460,510.7,0.72,-202.2,5,56,0,8.9,21.4,08,4.92,,,,,,,,,,,,,,,,,,,,,,,,Ravensburg,YNLuT
08437,lga_bw,2022/08/01 16:00:00,2022/08/01 19:11:13,801,611.7,0.72,-237.5,1,12,0,8.3,0,08,4.92,,,,,,,,,,,,,,,,,,,,,,,,Sigmaringen,CMezI
09278,rki_github,2022/08/01 01:21:46,2022/08/01 19:11:13,816,802.01,0.63,-475.7,2,10,0,20,20,09,9.39,,,,,,,,,,,,,,,,,,,,,,,,Straubing-Bogen,vePY6
09279,rki_github,2022/08/01 01:21:46,2022/08/01 19:11:13,557,572.79,0.57,-426.76,0,14,0,0,14.3,09,9.39,,,,,,,,,,,,,,,,,,,,,,,,Dingolfing-Landau,zNHDy
09361,rki_github,2022/08/01 01:21:46,2022/08/01 19:11:13,261,620.66,0.61,-401.88,3,37,0,8.1,27,09,9.39,,,,,,,,,,,,,,,,,,,,,,,,Amberg,MbQd7
09362,rki_github,2022/08/01 01:21:46,2022/08/01 19:11:13,956,627.83,0.59,-434.1,6,202,1,3,22.3,09,9.39,,,,,,,,,,,,,,,,,,,,,,,,Regensburg (Stadt),vXH3z
09363,rki_github,2022/08/01 01:21:46,2022/08/01 19:11:13,323,759.37,0.67,-376.16,9,55,5,16.4,18.2,09,9.39,,,,,,,,,,,,,,,,,,,,,,,,Weiden in der Oberpfalz,yt7RV
09371,rki_github,2022/08/01 01:21:46,2022/08/01 19:11:13,592,574.77,0.58,-418.45,0,10,0,0,20,09,9.39,,,,,,,,,,,,,,,,,,,,,,,,Amberg-Sulzbach,9dVUm
09372,rki_github,2022/08/01 01:21:46,2022/08/01 19:11:13,877,684.65,0.77,-202.98,1,9,0,11.1,0,09,9.39,,,,,,,,,,,,,,,,,,,,,,,,Cham,hzUU4
09373,rki_github,2022/08/01 01:21:46,2022/08/01 19:11:13,1001,740.25,0.62,-461.45,2,20,1,10,5,09,9.39,,,,,,,,,,,,,,,,,,,,,,,,Neumarkt in der Oberpfalz,O6Ari
09374,rki_github,2022/08/01 01:21:46,2022/08/01 19:11:13,754,796.66,0.69,-352.9,,,,,,09,9.39,,,,,,,,,,,,,,,,,,,,,,,,Neustadt an derWaldnaab,0jxOe
09375,rki_github,2022/08/01 01:21:46,2022/08/01 19:11:13,1610,828.72,0.7,-350.53,1,10,1,10,10,09,9.39,,,,,,,,,,,,,,,,,,,,,,,,Regensburg,2VH9O
09376,rki_github,2022/08/01 01:21:46,2022/08/01 19:11:13,873,587.97,0.55,-478.19,1,21,0,4.8,14.3,09,9.39,,,,,,,,,,,,,,,,,,,,,,,,Schwandorf,PIiGb
09377,rki_github,2022/08/01 01:21:46,2022/08/01 19:11:13,808,1126.98,0.87,-168.77,1,14,1,7.1,21.4,09,9.39,,,,,,,,,,,,,,,,,,,,,,,,Tirschenreuth,FpP8M
09461,rki_github,2022/08/01 01:21:46,2022/08/01 19:11:13,555,723.84,0.81,-165.64,1,43,0,2.3,14,09,9.39,,,,,,,,,,,,,,,,,,,,,,,,Bamberg (Stadt),nZaWp
09462,rki_github,2022/08/01 01:21:46,2022/08/01 19:11:13,674,910.22,0.7,-382.18,2,42,1,4.8,7.1,09,9.39,,,,,,,,,,,,,,,,,,,,,,,,Bayreuth (Stadt),rOQL2
09463,rki_github,2022/08/01 01:21:46,2022/08/01 19:11:13,381,932.86,0.82,-198.33,5,43,0,11.6,30.2,09,9.39,,,,,,,,,,,,,,,,,,,,,,,,Coburg (Stadt),Dn4S0
09464,rki_github,2022/08/01 01:21:46,2022/08/01 19:11:13,433,958.54,0.61,-615.41,3,28,0,10.7,17.9,09,9.39,,,,,,,,,,,,,,,,,,,,,,,,Hof (Stadt),k8Hk5
09471,rki_github,2022/08/01 01:21:46,2022/08/01 19:11:13,1344,911.2,0.72,-353.23,1,16,1,6.2,31.2,09,9.39,,,,,,,,,,,,,,,,,,,,,,,,Bamberg,Hg4Ej
09472,rki_github,2022/08/01 01:21:46,2022/08/01 19:11:13,940,906.64,0.63,-531.45,0,7,0,0,57.1,09,9.39,,,,,,,,,,,,,,,,,,,,,,,,Bayreuth,o4Lwq
09473,rki_github,2022/08/01 01:21:46,2022/08/01 19:11:13,688,794.72,0.81,-184.82,,,,,,09,9.39,,,,,,,,,,,,,,,,,,,,,,,,Coburg,hktHc
09474,rki_github,2022/08/01 01:21:46,2022/08/01 19:11:13,695,596.05,0.61,-386.79,2,12,2,16.7,16.7,09,9.39,,,,,,,,,,,,,,,,,,,,,,,,Forchheim,cfyQW
09475,rki_github,2022/08/01 01:21:46,2022/08/01 19:11:13,1208,1278.01,0.71,-522.63,3,17,1,17.6,23.5,09,9.39,,,,,,,,,,,,,,,,,,,,,,,,Hof,9V9fB
09476,rki_github,2022/08/01 01:21:46,2022/08/01 19:11:13,466,702.28,0.62,-431.02,2,17,0,11.8,0,09,9.39,,,,,,,,,,,,,,,,,,,,,,,,Kronach,K1qm9
09477,rki_github,2022/08/01 01:21:46,2022/08/01 19:11:13,849,1188.61,0.73,-446.6,2,25,1,8,8,09,9.39,,,,,,,,,,,,,,,,,,,,,,,,Kulmbach,6WsQJ
09478,rki_github,2022/08/01 01:21:46,2022/08/01 19:11:13,746,1118.07,0.91,-115.4,1,39,0,2.6,5.1,09,9.39,,,,,,,,,,,,,,,,,,,,,,,,Lichtenfels,JP45l
09479,rki_github,2022/08/01 01:21:46,2022/08/01 19:11:13,695,965.63,0.39,-1521.38,3,18,1,16.7,27.8,09,9.39,,,,,,,,,,,,,,,,,,,,,,,,Wunsiedelim Fichtelgebirge,T0OVK
09561,rki_github,2022/08/01 01:21:46,2022/08/01 19:11:13,348,834.91,0.87,-129.56,0,23,0,0,39.1,09,9.39,,,,,,,,,,,,,,,,,,,,,,,,Ansbach (Stadt),CB1wh
09562,rki_github,2022/08/01 01:21:46,2022/08/01 19:11:13,527,468.92,0.65,-248.25,9,108,6,8.3,13.9,09,9.39,,,,,,,,,,,,,,,,,,,,,,,,Erlangen,YicTe
09563,rki_github,2022/08/01 01:21:46,2022/08/01 19:11:13,1013,790.03,0.77,-242.55,2,42,0,4.8,16.7,09,9.39,,,,,,,,,,,,,,,,,,,,,,,,Fürth (Stadt),1tunk
09564,rki_github,2022/08/01 01:21:46,2022/08/01 19:11:13,2872,557.08,0.62,-340.03,16,183,4,8.7,25.1,09,9.39,,,,,,,,,,,,,,,,,,,,,,,,Nürnberg,1RA6H
09565,rki_github,2022/08/01 01:21:46,2022/08/01 19:11:13,392,954.79,0.97,-29.23,0,5,0,0,40,09,9.39,,,,,,,,,,,,,,,,,,,,,,,,Schwabach,DUZIe
09571,rki_github,2022/08/01 01:21:46,2022/08/01 19:11:13,1649,889.83,1.14,108.46,3,23,2,13,4.3,09,9.39,,,,,,,,,,,,,,,,,,,,,,,,Ansbach,CqRN2
09572,rki_github,2022/08/01 01:21:46,2022/08/01 19:11:13,873,632.13,0.54,-527.86,0,3,0,0,66.7,09,9.39,,,,,,,,,,,,,,,,,,,,,,,,Erlangen-Höchstadt,Ga5em
09573,rki_github,2022/08/01 01:21:46,2022/08/01 19:11:13,1043,878.72,0.81,-208.94,,,,,,09,9.39,,,,,,,,,,,,,,,,,,,,,,,,Fürth,9JG63
09574,rki_github,2022/08/01 01:21:46,2022/08/01 19:11:13,1579,922.62,1.06,50.25,2,19,0,10.5,26.3,09,9.39,,,,,,,,,,,,,,,,,,,,,,,,Nürnberger Land,fl2Nr
09575,rki_github,2022/08/01 01:21:46,2022/08/01 19:11:13,733,723.79,0.78,-206.37,1,31,0,3.2,25.8,09,9.39,,,,,,,,,,,,,,,,,,,,,,,,Neustadt an derAisch-Bad Windsheim,1B5Ne
09576,rki_github,2022/08/01 01:21:46,2022/08/01 19:11:13,1152,905.89,0.83,-186.37,0,7,0,0,0,09,9.39,,,,,,,,,,,,,,,,,,,,,,,,Roth,i5MDM
09577,rki_github,2022/08/01 01:21:46,2022/08/01 19:11:13,501,526.72,0.63,-304.89,1,16,0,6.2,50,09,9.39,,,,,,,,,,,,,,,,,,,,,,,,Weißenburg-Gunzenhausen,NoPua
09661,rki_github,2022/08/01 01:21:46,2022/08/01 19:11:13,566,798.78,0.88,-108.67,5,54,2,9.3,3.7,09,9.39,,,,,,,,,,,,,,,,,,,,,,,,Aschaffenburg (Stadt),7PZ39
09662,rki_github,2022/08/01 01:21:46,2022/08/01 19:11:13,343,643.3,0.64,-361.97,5,60,1,8.3,23.3,09,9.39,,,,,,,,,,,,,,,,,,,,,,,,Schweinfurt (Stadt),JlgVV
09663,rki_github,2022/08/01 01:21:46,2022/08/01 19:11:13,1347,1061.01,0.82,-226.85,9,109,4,8.3,12.8,09,9.39,,,,,,,,,,,,,,,,,,,,,,,,Würzburg (Stadt),N9Sa9
09671,rki_github,2022/08/01 01:21:46,2022/08/01 19:11:13,1569,898.33,0.87,-134.55,1,9,0,11.1,22.2,09,9.39,,,,,,,,,,,,,,,,,,,,,,,,Aschaffenburg,rfL00
09672,rki_github,2022/08/01 01:21:46,2022/08/01 19:11:13,1094,1060.4,0.92,-91.11,1,32,0,3.1,18.8,09,9.39,,,,,,,,,,,,,,,,,,,,,,,,Bad Kissingen,pp08I
09673,rki_github,2022/08/01 01:21:46,2022/08/01 19:11:13,740,930.7,0.87,-137.09,10,138,2,7.2,11.6,09,9.39,,,,,,,,,,,,,,,,,,,,,,,,Rhön-Grabfeld,qVIlM
09674,rki_github,2022/08/01 01:21:46,2022/08/01 19:11:13,851,1009.79,0.73,-364.28,1,9,0,11.1,11.1,09,9.39,,,,,,,,,,,,,,,,,,,,,,,,Haßberge,huves
09675,rki_github,2022/08/01 01:21:46,2022/08/01 19:11:13,998,1088.38,0.89,-140.68,0,7,0,0,28.6,09,9.39,,,,,,,,,,,,,,,,,,,,,,,,Kitzingen,LwAPb
09676,rki_github,2022/08/01 01:21:46,2022/08/01 19:11:13,1055,819.46,0.83,-172.44,1,8,1,12.5,25,09,9.39,,,,,,,,,,,,,,,,,,,,,,,,Miltenberg,ZRkHe
09677,rki_github,2022/08/01 01:21:46,2022/08/01 19:11:13,1113,883.5,1.05,46.04,2,9,1,22.2,11.1,09,9.39,,,,,,,,,,,,,,,,,,,,,,,,Main-Spessart,5QbAk
09678,rki_github,2022/08/01 01:21:46,2022/08/01 19:11:13,938,811.05,0.69,-364.89,1,6,0,16.7,50,09,9.39,,,,,,,,,,,,,,,,,,,,,,,,Schweinfurt,kKd8h
09679,rki_github,2022/08/01 01:21:46,2022/08/01 19:11:13,1755,1078.69,0.81,-254.46,1,6,0,16.7,0,09,9.39,,,,,,,,,,,,,,,,,,,,,,,,Würzburg,u3ysP
09761,rki_github,2022/08/01 01:21:46,2022/08/01 19:11:13,1583,535.1,0.62,-333.3,6,129,1,4.7,10.9,09,9.39,,,,,,,,,,,,,,,,,,,,,,,,Augsburg (Stadt),Mf1Rk
09762,rki_github,2022/08/01 01:21:46,2022/08/01 19:11:13,586,1312.08,1.82,591.11,3,12,0,25,8.3,09,9.39,,,,,,,,,,,,,,,,,,,,,,,,Kaufbeuren,a1cMX
09763,rki_github,2022/08/01 01:21:46,2022/08/01 19:11:13,368,533.8,0.61,-342.33,4,40,0,10,12.5,09,9.39,,,,,,,,,,,,,,,,,,,,,,,,Kempten (Allgäu),xC1JO
09764,rki_github,2022/08/01 01:21:46,2022/08/01 19:11:13,204,459.87,0.67,-225.43,3,31,2,9.7,0,09,9.39,,,,,,,,,,,,,,,,,,,,,,,,Memmingen,2QdRW
09771,rki_github,2022/08/01 01:21:46,2022/08/01 19:11:13,1152,853.18,0.91,-85.17,1,12,0,8.3,16.7,09,9.39,,,,,,,,,,,,,,,,,,,,,,,,Aichach-Friedberg,fTWQW
09772,rki_github,2022/08/01 01:21:46,2022/08/01 19:11:13,1594,622.9,0.69,-285.66,2,12,1,16.7,25,09,9.39,,,,,,,,,,,,,,,,,,,,,,,,Augsburg,I2r0X
09773,rki_github,2022/08/01 01:21:46,2022/08/01 19:11:13,907,933.4,0.84,-172.89,1,14,0,7.1,42.9,09,9.39,,,,,,,,,,,,,,,,,,,,,,,,Dillingen an derDonau,0ShAw
09774,rki_github,2022/08/01 01:21:46,2022/08/01 19:11:13,1,0.79,0.01,-128,3,47,2,6.4,14.9,09,9.39,,,,,,,,,,,,,,,,,,,,,,,,Günzburg,foS8O
09775,rki_github,2022/08/01 01:21:46,2022/08/01 19:11:13,1246,708.67,0.78,-197.36,2,16,0,12.5,18.8,09,9.39,,,,,,,,,,,,,,,,,,,,,,,,Neu-Ulm,gBFt5
09776,rki_github,2022/08/01 01:21:46,2022/08/01 19:11:13,603,734.6,0.74,-260.71,0,12,0,0,25,09,9.39,,,,,,,,,,,,,,,,,,,,,,,,Lindau (Bodensee),vlege
09777,rki_github,2022/08/01 01:21:46,2022/08/01 19:11:13,1206,849.85,0.99,-5.64,3,12,1,25,25,09,9.39,,,,,,,,,,,,,,,,,,,,,,,,Ostallgäu,87tio
09778,rki_github,2022/08/01 01:21:46,2022/08/01 19:11:13,812,555.54,0.74,-190.2,5,14,0,35.7,14.3,09,9.39,,,,,,,,,,,,,,,,,,,,,,,,Unterallgäu,jp7nv
09779,rki_github,2022/08/01 01:21:46,2022/08/01 19:11:13,926,689.38,0.66,-361.81,1,24,0,4.2,25,09,9.39,,,,,,,,,,,,,,,,,,,,,,,,Donau-Ries,RM2X6
09780,rki_github,2022/08/01 01:21:46,2022/08/01 19:11:13,702,449.11,0.57,-338.43,1,14,0,7.1,7.1,09,9.39,,,,,,,,,,,,,,,,,,,,,,,,Oberallgäu,vHyly
10,rki_github,2022/08/01 01:21:46,2022/08/01 19:11:13,7633,775.72,0.73,-286.99,37,446,9,8.3,13.7,00,6.69,11.59,15.3,0.938,82.1,83.6,68.8,9,2,337,0.771,48,3,56,0.452,8,16,2862,0.856,409,6,79,0.35,11,Saarland,
10041,rki_github,2022/08/01 01:21:46,2022/08/01 19:11:13,2285,697.71,0.77,-209.77,17,163,5,10.4,16,10,11.59,,,,,,,,,,,,,,,,,,,,,,,,Regionalverband Saarbrücken,VA9hU
10042,rki_github,2022/08/01 01:21:46,2022/08/01 19:11:13,815,787.66,0.76,-254.18,2,12,0,16.7,8.3,10,11.59,,,,,,,,,,,,,,,,,,,,,,,,Merzig-Wadern,doD0E
10043,rki_github,2022/08/01 01:21:46,2022/08/01 19:11:13,1019,776.84,0.7,-336.2,2,39,0,5.1,30.8,10,11.59,,,,,,,,,,,,,,,,,,,,,,,,Neunkirchen,AhETc
10044,rki_github,2022/08/01 01:21:46,2022/08/01 19:11:13,1713,884.21,0.74,-307.64,4,45,0,8.9,17.8,10,11.59,,,,,,,,,,,,,,,,,,,,,,,,Saarlouis,w0n9e
10045,rki_github,2022/08/01 01:21:46,2022/08/01 19:11:13,1014,715.82,0.67,-346.61,10,171,2,5.8,8.2,10,11.59,,,,,,,,,,,,,,,,,,,,,,,,Saarpfalz-Kreis,BALW2
10046,rki_github,2022/08/01 01:21:46,2022/08/01 19:11:13,787,910.27,0.69,-400.19,2,16,2,12.5,0,10,11.59,,,,,,,,,,,,,,,,,,,,,,,,Sankt Wendel,z9tUN
11,rki_github,2022/08/01 01:21:46,2022/08/01 19:11:13,13836,377.61,0.84,-73.14,77,1069,37,7.2,12.1,00,6.69,3.44,6.3,0.946,78.1,78.9,62.9,7.5,21,2119,0.985,303,7,449,0.362,64,106,8124,0.868,1161,2,621,0.706,89,Berlin,
11000,rki_github,2022/08/01 01:21:46,2022/08/01 19:11:13,13836,377.61,0.84,-73.14,77,1069,37,7.2,12.1,11,3.44,,,,,,,,,,,,,,,,,,,,,,,,Berlin,N44Wj
12,rki_github,2022/08/01 01:21:46,2022/08/01 19:11:13,11225,443.49,0.82,-97.67,41,641,14,6.4,17.9,00,6.69,8.38,11.1,1.073,68.1,68,55.2,5.1,7,1014,1.12,145,4,145,1.208,21,13,3592,0.976,513,4,198,1.186,28,Brandenburg,
12051,rki_github,2022/08/01 01:21:46,2022/08/01 19:11:13,310,430.32,0.75,-147.14,6,67,1,9,14.9,12,8.38,,,,,,,,,,,,,,,,,,,,,,,,Brandenburg an der Havel,WsA2J
12052,rki_github,2022/08/01 01:21:46,2022/08/01 19:11:13,483,489.4,0.91,-48.64,2,84,2,2.4,16.7,12,8.38,,,,,,,,,,,,,,,,,,,,,,,,Cottbus,5OQXB
12053,rki_github,2022/08/01 01:21:46,2022/08/01 19:11:13,322,564.76,0.69,-252.57,1,12,0,8.3,33.3,12,8.38,,,,,,,,,,,,,,,,,,,,,,,,Frankfurt (Oder),wo1lh
12054,rki_github,2022/08/01 01:21:46,2022/08/01 19:11:13,889,488.16,0.82,-105.43,0,60,0,0,25,12,8.38,,,,,,,,,,,,,,,,,,,,,,,,Potsdam,1USzs
12060,rki_github,2022/08/01 01:21:46,2022/08/01 19:11:13,812,433.43,0.81,-104.62,2,56,1,3.6,0,12,8.38,,,,,,,,,,,,,,,,,,,,,,,,Barnim,abMiE
12061,rki_github,2022/08/01 01:21:46,2022/08/01 19:11:13,974,561.98,0.92,-50.2,3,30,1,10,13.3,12,8.38,,,,,,,,,,,,,,,,,,,,,,,,Dahme-Spreewald,fYEId
12062,rki_github,2022/08/01 01:21:46,2022/08/01 19:11:13,544,538.16,1,0,0,18,0,0,27.8,12,8.38,,,,,,,,,,,,,,,,,,,,,,,,Elbe-Elster,qjNmw
12063,rki_github,2022/08/01 01:21:46,2022/08/01 19:11:13,557,338.21,0.68,-159.69,1,21,0,4.8,38.1,12,8.38,,,,,,,,,,,,,,,,,,,,,,,,Havelland,7xNz0
12064,rki_github,2022/08/01 01:21:46,2022/08/01 19:11:13,729,369.68,0.73,-135.91,3,23,2,13,30.4,12,8.38,,,,,,,,,,,,,,,,,,,,,,,,Märkisch-Oderland,aKr5z
12065,rki_github,2022/08/01 01:21:46,2022/08/01 19:11:13,909,424.3,0.83,-85.42,4,29,1,13.8,10.3,12,8.38,,,,,,,,,,,,,,,,,,,,,,,,Oberhavel,OCAor
12066,rki_github,2022/08/01 01:21:46,2022/08/01 19:11:13,389,358.87,0.76,-111.63,0,17,0,0,11.8,12,8.38,,,,,,,,,,,,,,,,,,,,,,,,Oberspreewald-Lausitz,pBVuA
12067,rki_github,2022/08/01 01:21:46,2022/08/01 19:11:13,947,528.24,0.96,-23.43,4,37,2,10.8,29.7,12,8.38,,,,,,,,,,,,,,,,,,,,,,,,Oder-Spree,RDToX
12068,rki_github,2022/08/01 01:21:46,2022/08/01 19:11:13,392,396.73,0.91,-39.47,2,42,1,4.8,14.3,12,8.38,,,,,,,,,,,,,,,,,,,,,,,,Ostprignitz-Ruppin,OE8hR
12069,rki_github,2022/08/01 01:21:46,2022/08/01 19:11:13,901,413.39,0.69,-187.2,7,66,3,10.6,7.6,12,8.38,,,,,,,,,,,,,,,,,,,,,,,,Potsdam-Mittelmark,ow4d6
12070,rki_github,2022/08/01 01:21:46,2022/08/01 19:11:13,380,499.37,0.79,-130.1,1,14,0,7.1,21.4,12,8.38,,,,,,,,,,,,,,,,,,,,,,,,Prignitz,yTTDc
12071,rki_github,2022/08/01 01:21:46,2022/08/01 19:11:13,481,425.62,0.92,-38.93,0,20,0,0,30,12,8.38,,,,,,,,,,,,,,,,,,,,,,,,Spree-Neiße,lHkCt
12072,rki_github,2022/08/01 01:21:46,2022/08/01 19:11:13,778,453.5,0.78,-131.15,0,10,0,0,20,12,8.38,,,,,,,,,,,,,,,,,,,,,,,,Teltow-Fläming,6Qc6Q
12073,rki_github,2022/08/01 01:21:46,2022/08/01 19:11:13,428,361.95,0.98,-5.92,5,35,0,14.3,34.3,12,8.38,,,,,,,,,,,,,,,,,,,,,,,,Uckermark,4Egp2
13,rki_github,2022/08/01 01:21:46,2022/08/01 19:11:13,7762,481.88,0.81,-113.92,25,656,11,3.8,21.6,00,6.69,11.11,16.4,1.132,74.6,75.6,59.5,7.4,6,370,0.638,53,4,61,0.54,9,21,1795,0.708,256,1,93,0.544,13,Mecklenburg-Vorpommern,
13003,rki_github,2022/08/01 01:21:46,2022/08/01 19:11:13,1075,514.2,0.81,-121.5,2,109,2,1.8,32.1,13,11.11,,,,,,,,,,,,,,,,,,,,,,,,Rostock,pJ8E0
13004,rki_github,2022/08/01 01:21:46,2022/08/01 19:11:13,481,503.09,0.81,-115.05,4,72,2,5.6,18.1,13,11.11,,,,,,,,,,,,,,,,,,,,,,,,Schwerin,xM1oS
13071,rki_github,2022/08/01 01:21:46,2022/08/01 19:11:13,1044,404.56,0.81,-93,6,79,2,7.6,17.7,13,11.11,,,,,,,,,,,,,,,,,,,,,,,,Mecklenburgische Seenplatte,N4uDr
13072,rki_github,2022/08/01 01:21:46,2022/08/01 19:11:13,1010,465.28,0.82,-102.27,2,71,1,2.8,33.8,13,11.11,,,,,,,,,,,,,,,,,,,,,,,,Landkreis Rostock,MxhNX
13073,rki_github,2022/08/01 01:21:46,2022/08/01 19:11:13,1090,483.62,0.95,-27.07,3,56,1,5.4,21.4,13,11.11,,,,,,,,,,,,,,,,,,,,,,,,Vorpommern-Rügen,Vophw
13074,rki_github,2022/08/01 01:21:46,2022/08/01 19:11:13,863,546.29,0.78,-156.35,0,17,0,0,47.1,13,11.11,,,,,,,,,,,,,,,,,,,,,,,,Nordwestmecklenburg,j3R69
13075,rki_github,2022/08/01 01:21:46,2022/08/01 19:11:13,1125,477.15,0.67,-231.58,5,141,3,3.5,17,13,11.11,,,,,,,,,,,,,,,,,,,,,,,,Vorpommern-Greifswald,yfhb1
13076,rki_github,2022/08/01 01:21:46,2022/08/01 19:11:13,1074,506.98,0.87,-73.17,3,111,0,2.7,10.8,13,11.11,,,,,,,,,,,,,,,,,,,,,,,,Ludwigslust-Parchim,0yweL
14,rki_github,2022/08/01 01:21:46,2022/08/01 19:11:13,18008,443.88,0.72,-170.28,104,1413,26,7.4,20.4,00,6.69,4.41,7.8,1.177,64.7,66,49.7,3,17,1030,0.955,147,1,118,0.776,17,55,3308,0.929,473,4,252,0.913,36,Sachsen,
14511,rki_github,2022/08/01 01:21:46,2022/08/01 19:11:13,1297,530.69,0.85,-92.06,14,162,7,8.6,9.9,14,4.41,,,,,,,,,,,,,,,,,,,,,,,,Chemnitz,VJKBu
14521,rki_github,2022/08/01 01:21:46,2022/08/01 19:11:13,1567,472.11,0.88,-63.87,2,92,1,2.2,43.5,14,4.41,,,,,,,,,,,,,,,,,,,,,,,,Erzgebirgskreis,uMCgT
14522,rki_github,2022/08/01 01:21:46,2022/08/01 19:11:13,1199,397.71,0.73,-147.94,3,45,1,6.7,42.2,14,4.41,,,,,,,,,,,,,,,,,,,,,,,,Mittelsachsen,JHvtH
14523,rki_github,2022/08/01 01:21:46,2022/08/01 19:11:13,939,419.37,0.63,-247.87,5,57,2,8.8,22.8,14,4.41,,,,,,,,,,,,,,,,,,,,,,,,Vogtlandkreis,JXC7m
14524,rki_github,2022/08/01 01:21:46,2022/08/01 19:11:13,1063,340.67,0.63,-197.09,6,93,2,6.5,25.8,14,4.41,,,,,,,,,,,,,,,,,,,,,,,,Zwickau,X1sh9
14612,rki_github,2022/08/01 01:21:46,2022/08/01 19:11:13,2432,437.23,0.62,-264.46,15,264,3,5.7,15.9,14,4.41,,,,,,,,,,,,,,,,,,,,,,,,Dresden,PyBQJ
14625,rki_github,2022/08/01 01:21:46,2022/08/01 19:11:13,1136,381.2,0.67,-190.26,1,59,1,1.7,20.3,14,4.41,,,,,,,,,,,,,,,,,,,,,,,,Bautzen,wp7RT
14626,rki_github,2022/08/01 01:21:46,2022/08/01 19:11:13,658,262.61,0.61,-169.62,2,63,0,3.2,22.2,14,4.41,,,,,,,,,,,,,,,,,,,,,,,,Görlitz,HepF3
14627,rki_github,2022/08/01 01:21:46,2022/08/01 19:11:13,997,414.78,0.72,-164.33,3,62,1,4.8,16.1,14,4.41,,,,,,,,,,,,,,,,,,,,,,,,Meißen,Xm3BS
14628,rki_github,2022/08/01 01:21:46,2022/08/01 19:11:13,1053,430.28,0.82,-94.39,34,87,0,39.1,11.5,14,4.41,,,,,,,,,,,,,,,,,,,,,,,,Sächsische Schweiz-Osterzgebirge,5eHZM
14713,rki_github,2022/08/01 01:21:46,2022/08/01 19:11:13,3448,577.08,0.73,-212.05,11,323,6,3.4,19.5,14,4.41,,,,,,,,,,,,,,,,,,,,,,,,Leipzig (Stadt),Ja1x2
14729,rki_github,2022/08/01 01:21:46,2022/08/01 19:11:13,1404,543.37,0.83,-112.24,4,58,2,6.9,22.4,14,4.41,,,,,,,,,,,,,,,,,,,,,,,,Leipzig,kn1Jh
14730,rki_github,2022/08/01 01:21:46,2022/08/01 19:11:13,815,412.78,0.8,-105.85,4,48,1,8.3,25,14,4.41,,,,,,,,,,,,,,,,,,,,,,,,Nordsachsen,ed3mr
15,rki_github,2022/08/01 01:21:46,2022/08/01 19:11:13,9415,431.75,0.81,-100.75,38,787,13,4.8,18.2,00,6.69,10,14.4,1.154,73.5,74.2,57.3,5,19,985,0.889,141,8,117,0.126,17,64,3343,0.866,478,5,192,0.683,27,Sachsen-Anhalt,
15001,rki_github,2022/08/01 01:21:46,2022/08/01 19:11:13,409,515.41,0.73,-191.55,1,38,0,2.6,31.6,15,10,,,,,,,,,,,,,,,,,,,,,,,,Dessau-Roßlau,gCchX
15002,rki_github,2022/08/01 01:21:46,2022/08/01 19:11:13,1411,593.19,0.8,-144.62,13,266,2,4.9,15.4,15,10,,,,,,,,,,,,,,,,,,,,,,,,Halle (Saale),KsIij
15003,rki_github,2022/08/01 01:21:46,2022/08/01 19:11:13,955,405.05,0.81,-93.73,6,183,3,3.3,6.6,15,10,,,,,,,,,,,,,,,,,,,,,,,,Magdeburg,vbTHO
15081,rki_github,2022/08/01 01:21:46,2022/08/01 19:11:13,458,553.9,0.97,-19.35,0,14,0,0,42.9,15,10,,,,,,,,,,,,,,,,,,,,,,,,Altmarkkreis Salzwedel,BIlj0
15082,rki_github,2022/08/01 01:21:46,2022/08/01 19:11:13,563,358.1,0.64,-202.27,4,31,1,12.9,38.7,15,10,,,,,,,,,,,,,,,,,,,,,,,,Anhalt-Bitterfeld,ITRIx
15083,rki_github,2022/08/01 01:21:46,2022/08/01 19:11:13,679,398.08,0.69,-175.88,1,14,0,7.1,7.1,15,10,,,,,,,,,,,,,,,,,,,,,,,,Börde,vwetI
15084,rki_github,2022/08/01 01:21:46,2022/08/01 19:11:13,730,411.06,0.75,-136.27,0,30,0,0,16.7,15,10,,,,,,,,,,,,,,,,,,,,,,,,Burgenlandkreis,7FU8g
15085,rki_github,2022/08/01 01:21:46,2022/08/01 19:11:13,777,368.29,0.94,-23.23,2,59,1,3.4,30.5,15,10,,,,,,,,,,,,,,,,,,,,,,,,Harz,OgRkB
15086,rki_github,2022/08/01 01:21:46,2022/08/01 19:11:13,452,505.58,0.97,-15.66,1,23,1,4.3,13,15,10,,,,,,,,,,,,,,,,,,,,,,,,Jerichower Land,YV8wG
15087,rki_github,2022/08/01 01:21:46,2022/08/01 19:11:13,649,485.45,0.89,-60.59,1,22,0,4.5,18.2,15,10,,,,,,,,,,,,,,,,,,,,,,,,Mansfeld-Südharz,gEHY3
15088,rki_github,2022/08/01 01:21:46,2022/08/01 19:11:13,763,415.95,0.71,-169.54,1,22,0,4.5,18.2,15,10,,,,,,,,,,,,,,,,,,,,,,,,Saalekreis,Nu9XP
15089,rki_github,2022/08/01 01:21:46,2022/08/01 19:11:13,756,403.29,1.09,33.61,5,33,3,15.2,18.2,15,10,,,,,,,,,,,,,,,,,,,,,,,,Salzlandkreis,Uoy0S
15090,rki_github,2022/08/01 01:21:46,2022/08/01 19:11:13,497,449.83,0.98,-9.05,0,24,0,0,33.3,15,10,,,,,,,,,,,,,,,,,,,,,,,,Stendal,EP707
15091,rki_github,2022/08/01 01:21:46,2022/08/01 19:11:13,316,254.46,0.61,-162.66,4,28,2,14.3,39.3,15,10,,,,,,,,,,,,,,,,,,,,,,,,Wittenberg,5lhoY
16,rki_github,2022/08/01 01:21:46,2022/08/01 19:11:13,7292,343.92,0.79,-91.26,34,663,15,5.1,19.9,00,6.69,10.71,15.3,0.976,69.8,71.1,53.3,3.7,5,671,0.513,96,28,166,0.274,24,23,2516,0.934,359,1,198,,28,Thüringen,
16051,rki_github,2022/08/01 01:21:46,2022/08/01 19:11:13,728,340.68,0.99,-2.81,1,66,1,1.5,12.1,16,10.71,,,,,,,,,,,,,,,,,,,,,,,,Erfurt,8SkHl
16052,rki_github,2022/08/01 01:21:46,2022/08/01 19:11:13,359,389.68,0.91,-39.08,4,40,2,10,0,16,10.71,,,,,,,,,,,,,,,,,,,,,,,,Gera,8ZtJ6
16053,rki_github,2022/08/01 01:21:46,2022/08/01 19:11:13,469,423.55,0.71,-169.78,3,94,0,3.2,8.5,16,10.71,,,,,,,,,,,,,,,,,,,,,,,,Jena,EcPrr
